"site","latitude","longitude","year","yday","dayl..s.","prcp..mm.day.","srad..W.m.2.","swe..kg.m.2.","tmax..deg.c.","tmin..deg.c.","vp..Pa.","TMEAN","GDD5","GDD0","GDD5.cum","GDD0.cum","NCD","GTmean","Date"
"Morton",41.8164,-88.0549,2018,1,32486.400390625,0,220.800003051758,0,-14,-24,80,-19,0,0,0,0,1,-0.35,2018-01-01
"Morton",41.8164,-88.0549,2018,2,32486.400390625,0,220.800003051758,0,-15,-25,80,-20,0,0,0,0,2,-0.35,2018-01-02
"Morton",41.8164,-88.0549,2018,3,32486.400390625,0,243.199996948242,0,-9,-21,120,-15,0,0,0,0,3,-0.35,2018-01-03
"Morton",41.8164,-88.0549,2018,4,32486.400390625,0,208,0,-10,-19,120,-14.5,0,0,0,0,4,-0.35,2018-01-04
"Morton",41.8164,-88.0549,2018,5,32832,0,217.600006103516,0,-12,-21.5,120,-16.75,0,0,0,0,5,-0.35,2018-01-05
"Morton",41.8164,-88.0549,2018,6,32832,0,236.800003051758,0,-11,-22,120,-16.5,0,0,0,0,6,-0.35,2018-01-06
"Morton",41.8164,-88.0549,2018,7,32832,0,259.200012207031,0,-4.5,-18,160,-11.25,0,0,0,0,7,-0.35,2018-01-07
"Morton",41.8164,-88.0549,2018,8,32832,2,172.800003051758,4,1,-6,400,-2.5,0,0,0,0,8,-0.35,2018-01-08
"Morton",41.8164,-88.0549,2018,9,32832,0,153.600006103516,0,1.5,-4.5,440,-1.5,0,0,0,0,9,-0.35,2018-01-09
"Morton",41.8164,-88.0549,2018,10,33177.6015625,1,227.199996948242,0,7.5,-3,480,2.25,0,2.25,0,2.25,9,-0.35,2018-01-10
"Morton",41.8164,-88.0549,2018,11,33177.6015625,3,179.199996948242,0,13.5,-2,520,5.75,0.75,5.75,0.75,8,9,-0.35,2018-01-11
"Morton",41.8164,-88.0549,2018,12,33177.6015625,9,198.399993896484,8,5,-8.5,320,-1.75,0,0,0.75,8,10,-0.35,2018-01-12
"Morton",41.8164,-88.0549,2018,13,33177.6015625,0,220.800003051758,8,-7,-16,160,-11.5,0,0,0.75,8,11,-0.35,2018-01-13
"Morton",41.8164,-88.0549,2018,14,33177.6015625,0,214.399993896484,8,-8.5,-17,160,-12.75,0,0,0.75,8,12,-0.35,2018-01-14
"Morton",41.8164,-88.0549,2018,15,33523.19921875,5,179.199996948242,16,-6,-16,160,-11,0,0,0.75,8,13,-0.35,2018-01-15
"Morton",41.8164,-88.0549,2018,16,33523.19921875,2,249.600006103516,16,-5,-15.5,200,-10.25,0,0,0.75,8,14,-0.35,2018-01-16
"Morton",41.8164,-88.0549,2018,17,33523.19921875,0,268.799987792969,16,-6,-18,160,-12,0,0,0.75,8,15,-0.35,2018-01-17
"Morton",41.8164,-88.0549,2018,18,33868.80078125,0,246.399993896484,16,-4,-14,200,-9,0,0,0.75,8,16,-0.35,2018-01-18
"Morton",41.8164,-88.0549,2018,19,33868.80078125,0,211.199996948242,16,1.5,-6.5,360,-2.5,0,0,0.75,8,17,-0.35,2018-01-19
"Morton",41.8164,-88.0549,2018,20,33868.80078125,0,211.199996948242,16,5.5,-2.5,520,1.5,0,1.5,0.75,9.5,17,-0.35,2018-01-20
"Morton",41.8164,-88.0549,2018,21,33868.80078125,0,188.800003051758,12,7.5,0.5,640,4,0,4,0.75,13.5,17,-0.35,2018-01-21
"Morton",41.8164,-88.0549,2018,22,34214.3984375,22,163.199996948242,8,10.5,2,720,6.25,1.25,6.25,2,19.75,17,-0.35,2018-01-22
"Morton",41.8164,-88.0549,2018,23,34214.3984375,3,179.199996948242,8,7.5,-2,520,2.75,0,2.75,2,22.5,17,-0.35,2018-01-23
"Morton",41.8164,-88.0549,2018,24,34214.3984375,1,80,4,-1,-3.5,480,-2.25,0,0,2,22.5,18,-0.35,2018-01-24
"Morton",41.8164,-88.0549,2018,25,34560,0,198.399993896484,4,2,-5,440,-1.5,0,0,2,22.5,19,-0.35,2018-01-25
"Morton",41.8164,-88.0549,2018,26,34560,0,246.399993896484,4,8,-1.5,560,3.25,0,3.25,2,25.75,19,-0.35,2018-01-26
"Morton",41.8164,-88.0549,2018,27,34560,0,217.600006103516,0,10,2,720,6,1,6,3,31.75,19,-0.35,2018-01-27
"Morton",41.8164,-88.0549,2018,28,34905.6015625,0,252.800003051758,0,7.5,-4,440,1.75,0,1.75,3,33.5,19,-0.35,2018-01-28
"Morton",41.8164,-88.0549,2018,29,34905.6015625,0,240,0,3,-7,360,-2,0,0,3,33.5,20,-0.35,2018-01-29
"Morton",41.8164,-88.0549,2018,30,34905.6015625,0,243.199996948242,0,-1.5,-11.5,240,-6.5,0,0,3,33.5,21,-0.35,2018-01-30
"Morton",41.8164,-88.0549,2018,31,35251.19921875,0,230.399993896484,0,2.5,-6.5,360,-2,0,0,3,33.5,22,-0.35,2018-01-31
"Morton",41.8164,-88.0549,2018,32,35251.19921875,0,272,0,3.5,-8.5,320,-2.5,0,0,3,33.5,23,-0.35,2018-02-01
"Morton",41.8164,-88.0549,2018,33,35596.80078125,0,278.399993896484,0,-4.5,-16.5,160,-10.5,0,0,3,33.5,24,-0.35,2018-02-02
"Morton",41.8164,-88.0549,2018,34,35596.80078125,0,272,0,-0.5,-12,240,-6.25,0,0,3,33.5,25,-0.35,2018-02-03
"Morton",41.8164,-88.0549,2018,35,35596.80078125,2,323.200012207031,0,2.5,-11,280,-4.25,0,0,3,33.5,26,-0.35,2018-02-04
"Morton",41.8164,-88.0549,2018,36,35942.3984375,2,332.799987792969,4,-7.5,-21,120,-14.25,0,0,3,33.5,27,-0.35,2018-02-05
"Morton",41.8164,-88.0549,2018,37,35942.3984375,5,227.199996948242,8,-9,-19.5,120,-14.25,0,0,3,33.5,28,-0.35,2018-02-06
"Morton",41.8164,-88.0549,2018,38,36288,3,220.800003051758,12,-6.5,-16.5,160,-11.5,0,0,3,33.5,29,-0.35,2018-02-07
"Morton",41.8164,-88.0549,2018,39,36288,0,304,12,-6.5,-17,160,-11.75,0,0,3,33.5,30,-0.35,2018-02-08
"Morton",41.8164,-88.0549,2018,40,36288,16,195.199996948242,28,-3,-11,280,-7,0,0,3,33.5,31,-0.35,2018-02-09
"Morton",41.8164,-88.0549,2018,41,36633.6015625,3,169.600006103516,32,-4,-10.5,280,-7.25,0,0,3,33.5,32,-0.35,2018-02-10
"Morton",41.8164,-88.0549,2018,42,36633.6015625,8,153.600006103516,40,-6,-11.5,240,-8.75,0,0,3,33.5,33,-0.35,2018-02-11
"Morton",41.8164,-88.0549,2018,43,36979.19921875,1,368,40,-4.5,-18,160,-11.25,0,0,3,33.5,34,-0.35,2018-02-12
"Morton",41.8164,-88.0549,2018,44,36979.19921875,0,358.399993896484,40,-1.5,-14,200,-7.75,0,0,3,33.5,35,-0.35,2018-02-13
"Morton",41.8164,-88.0549,2018,45,37324.80078125,0,352,40,3.5,-8.5,320,-2.5,0,0,3,33.5,36,-0.35,2018-02-14
"Morton",41.8164,-88.0549,2018,46,37324.80078125,0,297.600006103516,40,7,-2,520,2.5,0,2.5,3,36,36,-0.35,2018-02-15
"Morton",41.8164,-88.0549,2018,47,37670.3984375,0,336,36,5.5,-5,440,0.25,0,0.25,3,36.25,36,-0.35,2018-02-16
"Morton",41.8164,-88.0549,2018,48,37670.3984375,0,387.200012207031,36,2.5,-11.5,240,-4.5,0,0,3,36.25,37,-0.35,2018-02-17
"Morton",41.8164,-88.0549,2018,49,37670.3984375,3,284.799987792969,40,3,-10,280,-3.5,0,0,3,36.25,38,-0.35,2018-02-18
"Morton",41.8164,-88.0549,2018,50,38016,1,374.399993896484,40,9,-4,440,2.5,0,2.5,3,38.75,38,-0.35,2018-02-19
"Morton",41.8164,-88.0549,2018,51,38016,48,284.799987792969,36,16,1.5,680,8.75,3.75,8.75,6.75,47.5,38,-0.35,2018-02-20
"Morton",41.8164,-88.0549,2018,52,38361.6015625,27,281.600006103516,36,9.5,-3.5,480,3,0,3,6.75,50.5,38,-0.35,2018-02-21
"Morton",41.8164,-88.0549,2018,53,38361.6015625,0,208,36,2.5,-3,480,-0.25,0,0,6.75,50.5,39,-0.35,2018-02-22
"Morton",41.8164,-88.0549,2018,54,38707.19921875,3,166.399993896484,32,5.5,-0.5,600,2.5,0,2.5,6.75,53,39,-0.35,2018-02-23
"Morton",41.8164,-88.0549,2018,55,38707.19921875,0,281.600006103516,28,7.5,-0.5,600,3.5,0,3.5,6.75,56.5,39,-0.35,2018-02-24
"Morton",41.8164,-88.0549,2018,56,39052.80078125,4,224,28,8.5,0,600,4.25,0,4.25,6.75,60.75,39,-0.35,2018-02-25
"Morton",41.8164,-88.0549,2018,57,39052.80078125,0,380.799987792969,28,9.5,-3,480,3.25,0,3.25,6.75,64,39,-0.35,2018-02-26
"Morton",41.8164,-88.0549,2018,58,39398.3984375,0,403.200012207031,24,14.5,0,600,7.25,2.25,7.25,9,71.25,39,-0.35,2018-02-27
"Morton",41.8164,-88.0549,2018,59,39398.3984375,0,374.399993896484,20,16,3.5,800,9.75,4.75,9.75,13.75,81,39,-0.35,2018-02-28
"Morton",41.8164,-88.0549,2018,60,39744,15,259.200012207031,16,11.5,1,640,6.25,1.25,6.25,15,87.25,39,-0.35,2018-03-01
"Morton",41.8164,-88.0549,2018,61,39744,5,265.600006103516,16,7.5,-3,480,2.25,0,2.25,15,89.5,39,-0.35,2018-03-02
"Morton",41.8164,-88.0549,2018,62,40089.6015625,0,345.600006103516,12,8,-2,520,3,0,3,15,92.5,39,-0.35,2018-03-03
"Morton",41.8164,-88.0549,2018,63,40089.6015625,0,348.799987792969,12,8.5,-1.5,560,3.5,0,3.5,15,96,39,-0.35,2018-03-04
"Morton",41.8164,-88.0549,2018,64,40435.19921875,0,284.799987792969,8,7,-0.5,600,3.25,0,3.25,15,99.25,39,-0.35,2018-03-05
"Morton",41.8164,-88.0549,2018,65,40435.19921875,5,169.600006103516,8,4.5,-1,560,1.75,0,1.75,15,101,39,-0.35,2018-03-06
"Morton",41.8164,-88.0549,2018,66,40780.80078125,2,288,8,3,-4,440,-0.5,0,0,15,101,40,-0.35,2018-03-07
"Morton",41.8164,-88.0549,2018,67,40780.80078125,0,294.399993896484,8,1,-6,400,-2.5,0,0,15,101,41,-0.35,2018-03-08
"Morton",41.8164,-88.0549,2018,68,41126.3984375,0,371.200012207031,8,2,-7.5,360,-2.75,0,0,15,101,42,-0.35,2018-03-09
"Morton",41.8164,-88.0549,2018,69,41126.3984375,0,416,8,5,-6.5,360,-0.75,0,0,15,101,43,-0.35,2018-03-10
"Morton",41.8164,-88.0549,2018,70,41472,0,396.799987792969,8,5.5,-5,440,0.25,0,0.25,15,101.25,43,-0.35,2018-03-11
"Morton",41.8164,-88.0549,2018,71,41472,0,358.399993896484,4,6,-3,480,1.5,0,1.5,15,102.75,43,-0.35,2018-03-12
"Morton",41.8164,-88.0549,2018,72,41472,0,361.600006103516,4,4.5,-4.5,440,0,0,0,15,102.75,43,-0.35,2018-03-13
"Morton",41.8164,-88.0549,2018,73,41817.6015625,2,441.600006103516,8,5,-7.5,360,-1.25,0,0,15,102.75,44,-0.35,2018-03-14
"Morton",41.8164,-88.0549,2018,74,41817.6015625,0,464,4,9,-5,440,2,0,2,15,104.75,44,-0.35,2018-03-15
"Morton",41.8164,-88.0549,2018,75,42163.19921875,0,425.600006103516,4,7.5,-4,440,1.75,0,1.75,15,106.5,44,-0.35,2018-03-16
"Morton",41.8164,-88.0549,2018,76,42163.19921875,4,265.600006103516,4,5.5,-3,480,1.25,0,1.25,15,107.75,44,-0.35,2018-03-17
"Morton",41.8164,-88.0549,2018,77,42508.80078125,0,476.799987792969,4,10,-4.5,440,2.75,0,2.75,15,110.5,44,-0.35,2018-03-18
"Morton",41.8164,-88.0549,2018,78,42508.80078125,0,464,0,11,-2.5,520,4.25,0,4.25,15,114.75,44,-0.35,2018-03-19
"Morton",41.8164,-88.0549,2018,79,42854.3984375,0,361.600006103516,0,6,-2.5,520,1.75,0,1.75,15,116.5,44,-0.35,2018-03-20
"Morton",41.8164,-88.0549,2018,80,42854.3984375,0,288,0,4,-3,480,0.5,0,0.5,15,117,44,-0.35,2018-03-21
"Morton",41.8164,-88.0549,2018,81,43200,0,432,0,7,-6,400,0.5,0,0.5,15,117.5,44,-0.35,2018-03-22
"Morton",41.8164,-88.0549,2018,82,43545.6015625,0,432,0,8.5,-4.5,440,2,0,2,15,119.5,44,-0.35,2018-03-23
"Morton",41.8164,-88.0549,2018,83,43545.6015625,0,291.200012207031,0,5.5,-1.5,560,2,0,2,15,121.5,44,-0.35,2018-03-24
"Morton",41.8164,-88.0549,2018,84,43891.19921875,0,342.399993896484,0,5,-3.5,480,0.75,0,0.75,15,122.25,44,-0.35,2018-03-25
"Morton",41.8164,-88.0549,2018,85,43891.19921875,0,400,0,8.5,-2.5,520,3,0,3,15,125.25,44,-0.35,2018-03-26
"Morton",41.8164,-88.0549,2018,86,44236.80078125,16,281.600006103516,0,11,1,640,6,1,6,16,131.25,44,-0.35,2018-03-27
"Morton",41.8164,-88.0549,2018,87,44236.80078125,0,326.399993896484,0,10.5,2.5,720,6.5,1.5,6.5,17.5,137.75,44,-0.35,2018-03-28
"Morton",41.8164,-88.0549,2018,88,44582.3984375,2,361.600006103516,0,11.5,2.5,720,7,2,7,19.5,144.75,44,-0.35,2018-03-29
"Morton",41.8164,-88.0549,2018,89,44582.3984375,0,393.600006103516,0,10,0,600,5,0,5,19.5,149.75,44,-0.35,2018-03-30
"Morton",41.8164,-88.0549,2018,90,44928,0,441.600006103516,0,12,-0.5,600,5.75,0.75,5.75,20.25,155.5,44,-0.35,2018-03-31
"Morton",41.8164,-88.0549,2018,91,44928,2,441.600006103516,0,8,-4,440,2,0,2,20.25,157.5,44,-0.35,2018-04-01
"Morton",41.8164,-88.0549,2018,92,44928,0,403.200012207031,0,4,-6,400,-1,0,0,20.25,157.5,45,-0.35,2018-04-02
"Morton",41.8164,-88.0549,2018,93,45273.6015625,0,377.600006103516,0,6,-3,480,1.5,0,1.5,20.25,159,45,-0.35,2018-04-03
"Morton",41.8164,-88.0549,2018,94,45273.6015625,5,249.600006103516,0,3.5,-4,440,-0.25,0,0,20.25,159,46,-0.35,2018-04-04
"Morton",41.8164,-88.0549,2018,95,45619.19921875,0,384,0,3,-6,400,-1.5,0,0,20.25,159,47,-0.35,2018-04-05
"Morton",41.8164,-88.0549,2018,96,45619.19921875,3,284.799987792969,0,4.5,-4.5,440,0,0,0,20.25,159,47,-0.35,2018-04-06
"Morton",41.8164,-88.0549,2018,97,45964.80078125,0,435.200012207031,0,3,-8,320,-2.5,0,0,20.25,159,48,-0.35,2018-04-07
"Morton",41.8164,-88.0549,2018,98,45964.80078125,0,444.799987792969,0,4,-7.5,360,-1.75,0,0,20.25,159,49,-0.35,2018-04-08
"Morton",41.8164,-88.0549,2018,99,46310.3984375,2,384,0,5,-4,440,0.5,0,0.5,20.25,159.5,49,-0.35,2018-04-09
"Morton",41.8164,-88.0549,2018,100,46310.3984375,1,400,0,5.5,-4,440,0.75,0,0.75,20.25,160.25,49,-0.35,2018-04-10
"Morton",41.8164,-88.0549,2018,101,46656,0,467.200012207031,0,13,0,600,6.5,1.5,6.5,21.75,166.75,49,-0.35,2018-04-11
"Morton",41.8164,-88.0549,2018,102,46656,1,496,0,21,4.5,840,12.75,7.75,12.75,29.5,179.5,49,-0.35,2018-04-12
"Morton",41.8164,-88.0549,2018,103,47001.6015625,0,467.200012207031,0,17.5,4,800,10.75,5.75,10.75,35.25,190.25,49,-0.35,2018-04-13
"Morton",41.8164,-88.0549,2018,104,47001.6015625,15,208,0,8.5,2.5,720,5.5,0.5,5.5,35.75,195.75,49,-0.35,2018-04-14
"Morton",41.8164,-88.0549,2018,105,47347.19921875,22,150.399993896484,0,3.5,-0.5,600,1.5,0,1.5,35.75,197.25,49,-0.35,2018-04-15
"Morton",41.8164,-88.0549,2018,106,47347.19921875,8,169.600006103516,0,2,-2.5,520,-0.25,0,0,35.75,197.25,50,-0.35,2018-04-16
"Morton",41.8164,-88.0549,2018,107,47692.80078125,0,300.799987792969,0,3.5,-2.5,520,0.5,0,0.5,35.75,197.75,50,-0.35,2018-04-17
"Morton",41.8164,-88.0549,2018,108,47692.80078125,0,364.799987792969,0,5,-2.5,520,1.25,0,1.25,35.75,199,50,-0.35,2018-04-18
"Morton",41.8164,-88.0549,2018,109,48038.3984375,5,288,0,7,-1,560,3,0,3,35.75,202,50,-0.35,2018-04-19
"Morton",41.8164,-88.0549,2018,110,48038.3984375,0,521.599975585938,0,13.5,-1.5,560,6,1,6,36.75,208,50,-0.35,2018-04-20
"Morton",41.8164,-88.0549,2018,111,48384,0,492.799987792969,0,14.5,1.5,680,8,3,8,39.75,216,50,-0.35,2018-04-21
"Morton",41.8164,-88.0549,2018,112,48384,0,444.799987792969,0,15,4.5,840,9.75,4.75,9.75,44.5,225.75,50,-0.35,2018-04-22
"Morton",41.8164,-88.0549,2018,113,48729.6015625,0,480,0,17.5,5,880,11.25,6.25,11.25,50.75,237,50,-0.35,2018-04-23
"Morton",41.8164,-88.0549,2018,114,48729.6015625,0,457.600006103516,0,18.5,7,1000,12.75,7.75,12.75,58.5,249.75,50,-0.35,2018-04-24
"Morton",41.8164,-88.0549,2018,115,48729.6015625,0,483.200012207031,0,16.5,4,800,10.25,5.25,10.25,63.75,260,50,-0.35,2018-04-25
"Morton",41.8164,-88.0549,2018,116,49075.19921875,0,531.200012207031,0,16.5,0.5,640,8.5,3.5,8.5,67.25,268.5,50,-0.35,2018-04-26
"Morton",41.8164,-88.0549,2018,117,49075.19921875,0,502.399993896484,0,17.5,3.5,800,10.5,5.5,10.5,72.75,279,50,-0.35,2018-04-27
"Morton",41.8164,-88.0549,2018,118,49420.80078125,1,473.600006103516,0,13,1,640,7,2,7,74.75,286,50,-0.35,2018-04-28
"Morton",41.8164,-88.0549,2018,119,49420.80078125,0,524.799987792969,0,13,-2,520,5.5,0.5,5.5,75.25,291.5,50,-0.35,2018-04-29
"Morton",41.8164,-88.0549,2018,120,49766.3984375,0,547.200012207031,0,21,2,720,11.5,6.5,11.5,81.75,303,50,-0.35,2018-04-30
"Morton",41.8164,-88.0549,2018,121,49766.3984375,0,512,0,28,10.5,1280,19.25,14.25,19.25,96,322.25,50,-0.35,2018-05-01
"Morton",41.8164,-88.0549,2018,122,50112,0,444.799987792969,0,30,16.5,1880,23.25,18.25,23.25,114.25,345.5,50,-0.35,2018-05-02
"Morton",41.8164,-88.0549,2018,123,50112,33,300.799987792969,0,26.5,15.5,1760,21,16,21,130.25,366.5,50,-0.35,2018-05-03
"Morton",41.8164,-88.0549,2018,124,50112,0,339.200012207031,0,23.5,15,1720,19.25,14.25,19.25,144.5,385.75,50,-0.35,2018-05-04
"Morton",41.8164,-88.0549,2018,125,50457.6015625,0,473.600006103516,0,25,11,1320,18,13,18,157.5,403.75,50,-0.35,2018-05-05
"Morton",41.8164,-88.0549,2018,126,50457.6015625,0,486.399993896484,0,25,10,1240,17.5,12.5,17.5,170,421.25,50,-0.35,2018-05-06
"Morton",41.8164,-88.0549,2018,127,50803.19921875,0,499.200012207031,0,23.5,8,1080,15.75,10.75,15.75,180.75,437,50,-0.35,2018-05-07
"Morton",41.8164,-88.0549,2018,128,50803.19921875,0,496,0,26.5,10.5,1280,18.5,13.5,18.5,194.25,455.5,50,-0.35,2018-05-08
"Morton",41.8164,-88.0549,2018,129,50803.19921875,7,342.399993896484,0,27.5,13.5,1560,20.5,15.5,20.5,209.75,476,50,-0.35,2018-05-09
"Morton",41.8164,-88.0549,2018,130,51148.80078125,7,339.200012207031,0,25.5,12,1400,18.75,13.75,18.75,223.5,494.75,50,-0.35,2018-05-10
"Morton",41.8164,-88.0549,2018,131,51148.80078125,0,416,0,18.5,7.5,1040,13,8,13,231.5,507.75,50,-0.35,2018-05-11
"Morton",41.8164,-88.0549,2018,132,51494.3984375,2,262.399993896484,0,12.5,6.5,960,9.5,4.5,9.5,236,517.25,50,-0.35,2018-05-12
"Morton",41.8164,-88.0549,2018,133,51494.3984375,13,256,0,15,7,1000,11,6,11,242,528.25,50,-0.35,2018-05-13
"Morton",41.8164,-88.0549,2018,134,51494.3984375,6,361.600006103516,0,24.5,10,1240,17.25,12.25,17.25,254.25,545.5,50,-0.35,2018-05-14
"Morton",41.8164,-88.0549,2018,135,51840,15,348.799987792969,0,25.5,11.5,1360,18.5,13.5,18.5,267.75,564,50,-0.35,2018-05-15
"Morton",41.8164,-88.0549,2018,136,51840,0,486.399993896484,0,23.5,8.5,1120,16,11,16,278.75,580,50,-0.35,2018-05-16
"Morton",41.8164,-88.0549,2018,137,51840,0,467.200012207031,0,25,10.5,1280,17.75,12.75,17.75,291.5,597.75,50,-0.35,2018-05-17
"Morton",41.8164,-88.0549,2018,138,52185.6015625,0,406.399993896484,0,22.5,11,1320,16.75,11.75,16.75,303.25,614.5,50,-0.35,2018-05-18
"Morton",41.8164,-88.0549,2018,139,52185.6015625,1,284.799987792969,0,20.5,13,1480,16.75,11.75,16.75,315,631.25,50,-0.35,2018-05-19
"Morton",41.8164,-88.0549,2018,140,52185.6015625,0,406.399993896484,0,18.5,7.5,1040,13,8,13,323,644.25,50,-0.35,2018-05-20
"Morton",41.8164,-88.0549,2018,141,52531.19921875,23,252.800003051758,0,16.5,8,1080,12.25,7.25,12.25,330.25,656.5,50,-0.35,2018-05-21
"Morton",41.8164,-88.0549,2018,142,52531.19921875,25,249.600006103516,0,19.5,11,1320,15.25,10.25,15.25,340.5,671.75,50,-0.35,2018-05-22
"Morton",41.8164,-88.0549,2018,143,52531.19921875,0,448,0,23,10,1240,16.5,11.5,16.5,352,688.25,50,-0.35,2018-05-23
"Morton",41.8164,-88.0549,2018,144,52531.19921875,0,483.200012207031,0,27.5,12,1400,19.75,14.75,19.75,366.75,708,50,-0.35,2018-05-24
"Morton",41.8164,-88.0549,2018,145,52876.80078125,0,473.600006103516,0,31.5,15.5,1760,23.5,18.5,23.5,385.25,731.5,50,-0.35,2018-05-25
"Morton",41.8164,-88.0549,2018,146,52876.80078125,0,412.799987792969,0,32,19,2200,25.5,20.5,25.5,405.75,757,50,-0.35,2018-05-26
"Morton",41.8164,-88.0549,2018,147,52876.80078125,0,435.200012207031,0,33.5,19,2200,26.25,21.25,26.25,427,783.25,50,-0.35,2018-05-27
"Morton",41.8164,-88.0549,2018,148,53222.3984375,0,432,0,35.5,20.5,2400,28,23,28,450,811.25,50,-0.35,2018-05-28
"Morton",41.8164,-88.0549,2018,149,53222.3984375,0,428.799987792969,0,33,19,2200,26,21,26,471,837.25,50,-0.35,2018-05-29
"Morton",41.8164,-88.0549,2018,150,53222.3984375,0,371.200012207031,0,30.5,19.5,2280,25,20,25,491,862.25,50,-0.35,2018-05-30
"Morton",41.8164,-88.0549,2018,151,53222.3984375,22,291.200012207031,0,31,19.5,2280,25.25,20.25,25.25,511.25,887.5,50,-0.35,2018-05-31
"Morton",41.8164,-88.0549,2018,152,53222.3984375,0,444.799987792969,0,29,15.5,1760,22.25,17.25,22.25,528.5,909.75,50,-0.35,2018-06-01
"Morton",41.8164,-88.0549,2018,153,53568,0,470.399993896484,0,24.5,10.5,1280,17.5,12.5,17.5,541,927.25,50,-0.35,2018-06-02
"Morton",41.8164,-88.0549,2018,154,53568,3,288,0,24.5,14,1600,19.25,14.25,19.25,555.25,946.5,50,-0.35,2018-06-03
"Morton",41.8164,-88.0549,2018,155,53568,0,476.799987792969,0,25.5,11,1320,18.25,13.25,18.25,568.5,964.75,50,-0.35,2018-06-04
"Morton",41.8164,-88.0549,2018,156,53568,0,444.799987792969,0,26,13,1480,19.5,14.5,19.5,583,984.25,50,-0.35,2018-06-05
"Morton",41.8164,-88.0549,2018,157,53568,0,505.600006103516,0,25,9,1120,17,12,17,595,1001.25,50,-0.35,2018-06-06
"Morton",41.8164,-88.0549,2018,158,53913.6015625,2,435.200012207031,0,26.5,14,1600,20.25,15.25,20.25,610.25,1021.5,50,-0.35,2018-06-07
"Morton",41.8164,-88.0549,2018,159,53913.6015625,0,400,0,26,15,1720,20.5,15.5,20.5,625.75,1042,50,-0.35,2018-06-08
"Morton",41.8164,-88.0549,2018,160,53913.6015625,20,281.600006103516,0,25,15,1720,20,15,20,640.75,1062,50,-0.35,2018-06-09
"Morton",41.8164,-88.0549,2018,161,53913.6015625,29,236.800003051758,0,24,16,1800,20,15,20,655.75,1082,50,-0.35,2018-06-10
"Morton",41.8164,-88.0549,2018,162,53913.6015625,10,140.800003051758,0,20.5,16,1800,18.25,13.25,18.25,669,1100.25,50,-0.35,2018-06-11
"Morton",41.8164,-88.0549,2018,163,53913.6015625,0,262.399993896484,0,23,16.5,1880,19.75,14.75,19.75,683.75,1120,50,-0.35,2018-06-12
"Morton",41.8164,-88.0549,2018,164,53913.6015625,0,361.600006103516,0,27,17.5,2000,22.25,17.25,22.25,701,1142.25,50,-0.35,2018-06-13
"Morton",41.8164,-88.0549,2018,165,53913.6015625,0,444.799987792969,0,27,14.5,1640,20.75,15.75,20.75,716.75,1163,50,-0.35,2018-06-14
"Morton",41.8164,-88.0549,2018,166,53913.6015625,0,435.200012207031,0,29.5,17,1920,23.25,18.25,23.25,735,1186.25,50,-0.35,2018-06-15
"Morton",41.8164,-88.0549,2018,167,54259.19921875,15,316.799987792969,0,32.5,20,2320,26.25,21.25,26.25,756.25,1212.5,50,-0.35,2018-06-16
"Morton",41.8164,-88.0549,2018,168,54259.19921875,0,400,0,34,22,2640,28,23,28,779.25,1240.5,50,-0.35,2018-06-17
"Morton",41.8164,-88.0549,2018,169,54259.19921875,0,406.399993896484,0,34.5,22,2640,28.25,23.25,28.25,802.5,1268.75,50,-0.35,2018-06-18
"Morton",41.8164,-88.0549,2018,170,54259.19921875,18,339.200012207031,0,31.5,17.5,2000,24.5,19.5,24.5,822,1293.25,50,-0.35,2018-06-19
"Morton",41.8164,-88.0549,2018,171,54259.19921875,1,355.200012207031,0,27.5,18,2080,22.75,17.75,22.75,839.75,1316,50,-0.35,2018-06-20
"Morton",41.8164,-88.0549,2018,172,54259.19921875,17,198.399993896484,0,23.5,17,1920,20.25,15.25,20.25,855,1336.25,50,-0.35,2018-06-21
"Morton",41.8164,-88.0549,2018,173,54259.19921875,48,134.399993896484,0,19,15,1720,17,12,17,867,1353.25,50,-0.35,2018-06-22
"Morton",41.8164,-88.0549,2018,174,54259.19921875,19,211.199996948242,0,22,15.5,1760,18.75,13.75,18.75,880.75,1372,50,-0.35,2018-06-23
"Morton",41.8164,-88.0549,2018,175,54259.19921875,0,428.799987792969,0,27.5,16,1800,21.75,16.75,21.75,897.5,1393.75,50,-0.35,2018-06-24
"Morton",41.8164,-88.0549,2018,176,54259.19921875,0,432,0,27,15.5,1760,21.25,16.25,21.25,913.75,1415,50,-0.35,2018-06-25
"Morton",41.8164,-88.0549,2018,177,54259.19921875,9,281.600006103516,0,27.5,18,2080,22.75,17.75,22.75,931.5,1437.75,50,-0.35,2018-06-26
"Morton",41.8164,-88.0549,2018,178,54259.19921875,17,275.200012207031,0,27.5,18.5,2120,23,18,23,949.5,1460.75,50,-0.35,2018-06-27
"Morton",41.8164,-88.0549,2018,179,53913.6015625,0,432,0,29,17.5,2000,23.25,18.25,23.25,967.75,1484,50,-0.35,2018-06-28
"Morton",41.8164,-88.0549,2018,180,53913.6015625,0,438.399993896484,0,32.5,20,2320,26.25,21.25,26.25,989,1510.25,50,-0.35,2018-06-29
"Morton",41.8164,-88.0549,2018,181,53913.6015625,0,374.399993896484,0,34.5,24,3000,29.25,24.25,29.25,1013.25,1539.5,50,-0.35,2018-06-30
"Morton",41.8164,-88.0549,2018,182,53913.6015625,0,393.600006103516,0,34,23,2800,28.5,23.5,28.5,1036.75,1568,50,-0.35,2018-07-01
"Morton",41.8164,-88.0549,2018,183,53913.6015625,2,448,0,31,18.5,2120,24.75,19.75,24.75,1056.5,1592.75,50,-0.35,2018-07-02
"Morton",41.8164,-88.0549,2018,184,53913.6015625,0,492.799987792969,0,31,16,1800,23.5,18.5,23.5,1075,1616.25,50,-0.35,2018-07-03
"Morton",41.8164,-88.0549,2018,185,53913.6015625,0,422.399993896484,0,33,21,2480,27,22,27,1097,1643.25,50,-0.35,2018-07-04
"Morton",41.8164,-88.0549,2018,186,53913.6015625,1,412.799987792969,0,33,21.5,2560,27.25,22.25,27.25,1119.25,1670.5,50,-0.35,2018-07-05
"Morton",41.8164,-88.0549,2018,187,53568,6,326.399993896484,0,29,17.5,2000,23.25,18.25,23.25,1137.5,1693.75,50,-0.35,2018-07-06
"Morton",41.8164,-88.0549,2018,188,53568,0,489.600006103516,0,26.5,13,1480,19.75,14.75,19.75,1152.25,1713.5,50,-0.35,2018-07-07
"Morton",41.8164,-88.0549,2018,189,53568,0,496,0,29,14.5,1640,21.75,16.75,21.75,1169,1735.25,50,-0.35,2018-07-08
"Morton",41.8164,-88.0549,2018,190,53568,0,483.200012207031,0,31,16.5,1880,23.75,18.75,23.75,1187.75,1759,50,-0.35,2018-07-09
"Morton",41.8164,-88.0549,2018,191,53568,0,416,0,31.5,20,2320,25.75,20.75,25.75,1208.5,1784.75,50,-0.35,2018-07-10
"Morton",41.8164,-88.0549,2018,192,53568,0,438.399993896484,0,30.5,18,2080,24.25,19.25,24.25,1227.75,1809,50,-0.35,2018-07-11
"Morton",41.8164,-88.0549,2018,193,53222.3984375,0,432,0,31,18.5,2120,24.75,19.75,24.75,1247.5,1833.75,50,-0.35,2018-07-12
"Morton",41.8164,-88.0549,2018,194,53222.3984375,0,416,0,31.5,19.5,2280,25.5,20.5,25.5,1268,1859.25,50,-0.35,2018-07-13
"Morton",41.8164,-88.0549,2018,195,53222.3984375,11,265.600006103516,0,30.5,21,2480,25.75,20.75,25.75,1288.75,1885,50,-0.35,2018-07-14
"Morton",41.8164,-88.0549,2018,196,53222.3984375,7,278.399993896484,0,30.5,20.5,2400,25.5,20.5,25.5,1309.25,1910.5,50,-0.35,2018-07-15
"Morton",41.8164,-88.0549,2018,197,52876.80078125,0,400,0,32.5,21,2480,26.75,21.75,26.75,1331,1937.25,50,-0.35,2018-07-16
"Morton",41.8164,-88.0549,2018,198,52876.80078125,1,435.200012207031,0,30.5,18,2080,24.25,19.25,24.25,1350.25,1961.5,50,-0.35,2018-07-17
"Morton",41.8164,-88.0549,2018,199,52876.80078125,0,457.600006103516,0,28,15,1720,21.5,16.5,21.5,1366.75,1983,50,-0.35,2018-07-18
"Morton",41.8164,-88.0549,2018,200,52876.80078125,0,473.600006103516,0,29,15,1720,22,17,22,1383.75,2005,50,-0.35,2018-07-19
"Morton",41.8164,-88.0549,2018,201,52531.19921875,1,368,0,27.5,18,2080,22.75,17.75,22.75,1401.5,2027.75,50,-0.35,2018-07-20
"Morton",41.8164,-88.0549,2018,202,52531.19921875,24,172.800003051758,0,25,19.5,2280,22.25,17.25,22.25,1418.75,2050,50,-0.35,2018-07-21
"Morton",41.8164,-88.0549,2018,203,52531.19921875,4,201.600006103516,0,25.5,19,2200,22.25,17.25,22.25,1436,2072.25,50,-0.35,2018-07-22
"Morton",41.8164,-88.0549,2018,204,52185.6015625,0,336,0,26,17.5,2000,21.75,16.75,21.75,1452.75,2094,50,-0.35,2018-07-23
"Morton",41.8164,-88.0549,2018,205,52185.6015625,0,416,0,28.5,17,1920,22.75,17.75,22.75,1470.5,2116.75,50,-0.35,2018-07-24
"Morton",41.8164,-88.0549,2018,206,52185.6015625,0,441.600006103516,0,30.5,17.5,2000,24,19,24,1489.5,2140.75,50,-0.35,2018-07-25
"Morton",41.8164,-88.0549,2018,207,51840,0,387.200012207031,0,28.5,18,2080,23.25,18.25,23.25,1507.75,2164,50,-0.35,2018-07-26
"Morton",41.8164,-88.0549,2018,208,51840,0,422.399993896484,0,26,14.5,1640,20.25,15.25,20.25,1523,2184.25,50,-0.35,2018-07-27
"Morton",41.8164,-88.0549,2018,209,51840,0,444.799987792969,0,26,13.5,1560,19.75,14.75,19.75,1537.75,2204,50,-0.35,2018-07-28
"Morton",41.8164,-88.0549,2018,210,51494.3984375,0,451.200012207031,0,27,14,1600,20.5,15.5,20.5,1553.25,2224.5,50,-0.35,2018-07-29
"Morton",41.8164,-88.0549,2018,211,51494.3984375,0,435.200012207031,0,27.5,15,1720,21.25,16.25,21.25,1569.5,2245.75,50,-0.35,2018-07-30
"Morton",41.8164,-88.0549,2018,212,51494.3984375,0,387.200012207031,0,27,16.5,1880,21.75,16.75,21.75,1586.25,2267.5,50,-0.35,2018-07-31
"Morton",41.8164,-88.0549,2018,213,51148.80078125,0,435.200012207031,0,27.5,15,1720,21.25,16.25,21.25,1602.5,2288.75,50,-0.35,2018-08-01
"Morton",41.8164,-88.0549,2018,214,51148.80078125,16,310.399993896484,0,29.5,17.5,2000,23.5,18.5,23.5,1621,2312.25,50,-0.35,2018-08-02
"Morton",41.8164,-88.0549,2018,215,51148.80078125,0,464,0,29.5,15,1720,22.25,17.25,22.25,1638.25,2334.5,50,-0.35,2018-08-03
"Morton",41.8164,-88.0549,2018,216,50803.19921875,0,448,0,32.5,18,2080,25.25,20.25,25.25,1658.5,2359.75,50,-0.35,2018-08-04
"Morton",41.8164,-88.0549,2018,217,50803.19921875,0,384,0,34,22,2640,28,23,28,1681.5,2387.75,50,-0.35,2018-08-05
"Morton",41.8164,-88.0549,2018,218,50457.6015625,0,348.799987792969,0,31,21,2480,26,21,26,1702.5,2413.75,50,-0.35,2018-08-06
"Morton",41.8164,-88.0549,2018,219,50457.6015625,4,249.600006103516,0,28.5,19.5,2280,24,19,24,1721.5,2437.75,50,-0.35,2018-08-07
"Morton",41.8164,-88.0549,2018,220,50457.6015625,9,265.600006103516,0,28.5,19,2200,23.75,18.75,23.75,1740.25,2461.5,50,-0.35,2018-08-08
"Morton",41.8164,-88.0549,2018,221,50112,0,412.799987792969,0,30,18,2080,24,19,24,1759.25,2485.5,50,-0.35,2018-08-09
"Morton",41.8164,-88.0549,2018,222,50112,2,406.399993896484,0,31,19,2200,25,20,25,1779.25,2510.5,50,-0.35,2018-08-10
"Morton",41.8164,-88.0549,2018,223,49766.3984375,0,428.799987792969,0,30.5,17.5,2000,24,19,24,1798.25,2534.5,50,-0.35,2018-08-11
"Morton",41.8164,-88.0549,2018,224,49766.3984375,0,422.399993896484,0,31.5,18.5,2120,25,20,25,1818.25,2559.5,50,-0.35,2018-08-12
"Morton",41.8164,-88.0549,2018,225,49420.80078125,0,448,0,31,16.5,1880,23.75,18.75,23.75,1837,2583.25,50,-0.35,2018-08-13
"Morton",41.8164,-88.0549,2018,226,49420.80078125,0,425.600006103516,0,31.5,18,2080,24.75,19.75,24.75,1856.75,2608,50,-0.35,2018-08-14
"Morton",41.8164,-88.0549,2018,227,49420.80078125,0,358.399993896484,0,30.5,20,2320,25.25,20.25,25.25,1877,2633.25,50,-0.35,2018-08-15
"Morton",41.8164,-88.0549,2018,228,49075.19921875,4,272,0,30,19.5,2280,24.75,19.75,24.75,1896.75,2658,50,-0.35,2018-08-16
"Morton",41.8164,-88.0549,2018,229,49075.19921875,16,275.200012207031,0,29.5,19,2200,24.25,19.25,24.25,1916,2682.25,50,-0.35,2018-08-17
"Morton",41.8164,-88.0549,2018,230,48729.6015625,0,329.600006103516,0,28.5,19.5,2280,24,19,24,1935,2706.25,50,-0.35,2018-08-18
"Morton",41.8164,-88.0549,2018,231,48729.6015625,0,384,0,28.5,17.5,2000,23,18,23,1953,2729.25,50,-0.35,2018-08-19
"Morton",41.8164,-88.0549,2018,232,48384,0,323.200012207031,0,28.5,19.5,2280,24,19,24,1972,2753.25,50,-0.35,2018-08-20
"Morton",41.8164,-88.0549,2018,233,48384,39,211.199996948242,0,26,18.5,2120,22.25,17.25,22.25,1989.25,2775.5,50,-0.35,2018-08-21
"Morton",41.8164,-88.0549,2018,234,48038.3984375,6,307.200012207031,0,25.5,13.5,1560,19.5,14.5,19.5,2003.75,2795,50,-0.35,2018-08-22
"Morton",41.8164,-88.0549,2018,235,48038.3984375,0,444.799987792969,0,26.5,12.5,1440,19.5,14.5,19.5,2018.25,2814.5,50,-0.35,2018-08-23
"Morton",41.8164,-88.0549,2018,236,47692.80078125,0,358.399993896484,0,25,15,1720,20,15,20,2033.25,2834.5,50,-0.35,2018-08-24
"Morton",41.8164,-88.0549,2018,237,47692.80078125,6,233.600006103516,0,25.5,17,1920,21.25,16.25,21.25,2049.5,2855.75,50,-0.35,2018-08-25
"Morton",41.8164,-88.0549,2018,238,47692.80078125,0,387.200012207031,0,32,19.5,2280,25.75,20.75,25.75,2070.25,2881.5,50,-0.35,2018-08-26
"Morton",41.8164,-88.0549,2018,239,47347.19921875,0,320,0,33.5,23.5,2880,28.5,23.5,28.5,2093.75,2910,50,-0.35,2018-08-27
"Morton",41.8164,-88.0549,2018,240,47347.19921875,0,348.799987792969,0,32.5,21.5,2560,27,22,27,2115.75,2937,50,-0.35,2018-08-28
"Morton",41.8164,-88.0549,2018,241,47001.6015625,43,249.600006103516,0,28,18.5,2120,23.25,18.25,23.25,2134,2960.25,50,-0.35,2018-08-29
"Morton",41.8164,-88.0549,2018,242,47001.6015625,0,332.799987792969,0,23.5,14.5,1640,19,14,19,2148,2979.25,50,-0.35,2018-08-30
"Morton",41.8164,-88.0549,2018,243,46656,0,425.600006103516,0,27,13.5,1560,20.25,15.25,20.25,2163.25,2999.5,50,-0.35,2018-08-31
"Morton",41.8164,-88.0549,2018,244,46656,0,380.799987792969,0,30,18,2080,24,19,24,2182.25,3023.5,50,-0.35,2018-09-01
"Morton",41.8164,-88.0549,2018,245,46310.3984375,20,240,0,30.5,21,2480,25.75,20.75,25.75,2203,3049.25,50,-0.35,2018-09-02
"Morton",41.8164,-88.0549,2018,246,46310.3984375,8,256,0,31,20.5,2400,25.75,20.75,25.75,2223.75,3075,50,-0.35,2018-09-03
"Morton",41.8164,-88.0549,2018,247,45964.80078125,25,268.799987792969,0,32,20.5,2400,26.25,21.25,26.25,2245,3101.25,50,-0.35,2018-09-04
"Morton",41.8164,-88.0549,2018,248,45964.80078125,0,364.799987792969,0,32.5,20.5,2400,26.5,21.5,26.5,2266.5,3127.75,50,-0.35,2018-09-05
"Morton",41.8164,-88.0549,2018,249,45619.19921875,9,246.399993896484,0,27,17.5,2000,22.25,17.25,22.25,2283.75,3150,50,-0.35,2018-09-06
"Morton",41.8164,-88.0549,2018,250,45619.19921875,10,80,0,20,17.5,2000,18.75,13.75,18.75,2297.5,3168.75,50,-0.35,2018-09-07
"Morton",41.8164,-88.0549,2018,251,45273.6015625,4,108.800003051758,0,20,16.5,1880,18.25,13.25,18.25,2310.75,3187,50,-0.35,2018-09-08
"Morton",41.8164,-88.0549,2018,252,45273.6015625,0,243.199996948242,0,20,14,1600,17,12,17,2322.75,3204,50,-0.35,2018-09-09
"Morton",41.8164,-88.0549,2018,253,44928,0,364.799987792969,0,22.5,12.5,1440,17.5,12.5,17.5,2335.25,3221.5,50,-0.35,2018-09-10
"Morton",41.8164,-88.0549,2018,254,44928,0,400,0,24.5,12.5,1440,18.5,13.5,18.5,2348.75,3240,50,-0.35,2018-09-11
"Morton",41.8164,-88.0549,2018,255,44582.3984375,0,409.600006103516,0,26.5,13.5,1560,20,15,20,2363.75,3260,50,-0.35,2018-09-12
"Morton",41.8164,-88.0549,2018,256,44582.3984375,0,412.799987792969,0,27,13.5,1560,20.25,15.25,20.25,2379,3280.25,50,-0.35,2018-09-13
"Morton",41.8164,-88.0549,2018,257,44236.80078125,0,409.600006103516,0,28.5,14.5,1640,21.5,16.5,21.5,2395.5,3301.75,50,-0.35,2018-09-14
"Morton",41.8164,-88.0549,2018,258,44236.80078125,0,403.200012207031,0,29.5,15.5,1760,22.5,17.5,22.5,2413,3324.25,50,-0.35,2018-09-15
"Morton",41.8164,-88.0549,2018,259,43891.19921875,0,380.799987792969,0,30,17,1920,23.5,18.5,23.5,2431.5,3347.75,50,-0.35,2018-09-16
"Morton",41.8164,-88.0549,2018,260,43891.19921875,0,387.200012207031,0,32.5,18,2080,25.25,20.25,25.25,2451.75,3373,50,-0.35,2018-09-17
"Morton",41.8164,-88.0549,2018,261,43545.6015625,0,339.200012207031,0,29,18,2080,23.5,18.5,23.5,2470.25,3396.5,50,-0.35,2018-09-18
"Morton",41.8164,-88.0549,2018,262,43545.6015625,0,288,0,26,17.5,2000,21.75,16.75,21.75,2487,3418.25,50,-0.35,2018-09-19
"Morton",41.8164,-88.0549,2018,263,43200,1,348.799987792969,0,30,18,2080,24,19,24,2506,3442.25,50,-0.35,2018-09-20
"Morton",41.8164,-88.0549,2018,264,43200,0,384,0,30.5,16,1800,23.25,18.25,23.25,2524.25,3465.5,50,-0.35,2018-09-21
"Morton",41.8164,-88.0549,2018,265,42854.3984375,0,361.600006103516,0,21.5,10,1240,15.75,10.75,15.75,2535,3481.25,50,-0.35,2018-09-22
"Morton",41.8164,-88.0549,2018,266,42854.3984375,0,380.799987792969,0,20.5,8,1080,14.25,9.25,14.25,2544.25,3495.5,50,-0.35,2018-09-23
"Morton",41.8164,-88.0549,2018,267,42508.80078125,0,377.600006103516,0,23,10,1240,16.5,11.5,16.5,2555.75,3512,50,-0.35,2018-09-24
"Morton",41.8164,-88.0549,2018,268,42508.80078125,2,348.799987792969,0,25.5,13.5,1560,19.5,14.5,19.5,2570.25,3531.5,50,-0.35,2018-09-25
"Morton",41.8164,-88.0549,2018,269,42163.19921875,4,297.600006103516,0,24.5,9,1160,16.75,11.75,16.75,2582,3548.25,50,-0.35,2018-09-26
"Morton",41.8164,-88.0549,2018,270,42163.19921875,0,371.200012207031,0,20,7,1000,13.5,8.5,13.5,2590.5,3561.75,50,-0.35,2018-09-27
"Morton",41.8164,-88.0549,2018,271,41817.6015625,0,352,0,19,7,1000,13,8,13,2598.5,3574.75,50,-0.35,2018-09-28
"Morton",41.8164,-88.0549,2018,272,41817.6015625,2,371.200012207031,0,16.5,3.5,800,10,5,10,2603.5,3584.75,50,-0.35,2018-09-29
"Morton",41.8164,-88.0549,2018,273,41472,1,288,0,16.5,7.5,1040,12,7,12,2610.5,3596.75,50,-0.35,2018-09-30
"Morton",41.8164,-88.0549,2018,274,41472,0,278.399993896484,0,21,12,1400,16.5,11.5,16.5,2622,3613.25,50,-0.35,2018-10-01
"Morton",41.8164,-88.0549,2018,275,41126.3984375,38,185.600006103516,0,21.5,13.5,1560,17.5,12.5,17.5,2634.5,3630.75,50,-0.35,2018-10-02
"Morton",41.8164,-88.0549,2018,276,41126.3984375,0,291.200012207031,0,24,14,1600,19,14,19,2648.5,3649.75,50,-0.35,2018-10-03
"Morton",41.8164,-88.0549,2018,277,40780.80078125,2,368,0,28,12,1400,20,15,20,2663.5,3669.75,50,-0.35,2018-10-04
"Morton",41.8164,-88.0549,2018,278,40780.80078125,10,160,0,16.5,10,1240,13.25,8.25,13.25,2671.75,3683,50,-0.35,2018-10-05
"Morton",41.8164,-88.0549,2018,279,40435.19921875,21,176,0,20,12.5,1440,16.25,11.25,16.25,2683,3699.25,50,-0.35,2018-10-06
"Morton",41.8164,-88.0549,2018,280,40435.19921875,3,140.800003051758,0,19,13,1480,16,11,16,2694,3715.25,50,-0.35,2018-10-07
"Morton",41.8164,-88.0549,2018,281,40089.6015625,17,188.800003051758,0,23.5,14.5,1640,19,14,19,2708,3734.25,50,-0.35,2018-10-08
"Morton",41.8164,-88.0549,2018,282,40089.6015625,1,265.600006103516,0,29,18.5,2120,23.75,18.75,23.75,2726.75,3758,50,-0.35,2018-10-09
"Morton",41.8164,-88.0549,2018,283,39744,4,217.600006103516,0,26.5,15,1720,20.75,15.75,20.75,2742.5,3778.75,50,-0.35,2018-10-10
"Morton",41.8164,-88.0549,2018,284,39744,10,243.199996948242,0,17,4.5,840,10.75,5.75,10.75,2748.25,3789.5,50,-0.35,2018-10-11
"Morton",41.8164,-88.0549,2018,285,39398.3984375,0,243.199996948242,0,8.5,0.5,640,4.5,0,4.5,2748.25,3794,50,-0.35,2018-10-12
"Morton",41.8164,-88.0549,2018,286,39398.3984375,0,246.399993896484,0,8,0,600,4,0,4,2748.25,3798,50,-0.35,2018-10-13
"Morton",41.8164,-88.0549,2018,287,39052.80078125,0,304,0,12,1,640,6.5,1.5,6.5,2749.75,3804.5,50,-0.35,2018-10-14
"Morton",41.8164,-88.0549,2018,288,39052.80078125,5,214.399993896484,0,11,1,640,6,1,6,2750.75,3810.5,50,-0.35,2018-10-15
"Morton",41.8164,-88.0549,2018,289,38707.19921875,0,316.799987792969,0,11.5,-0.5,600,5.5,0.5,5.5,2751.25,3816,50,-0.35,2018-10-16
"Morton",41.8164,-88.0549,2018,290,38707.19921875,0,313.600006103516,0,13,1,640,7,2,7,2753.25,3823,50,-0.35,2018-10-17
"Morton",41.8164,-88.0549,2018,291,38707.19921875,0,339.200012207031,0,13,-1.5,560,5.75,0.75,5.75,2754,3828.75,50,-0.35,2018-10-18
"Morton",41.8164,-88.0549,2018,292,38361.6015625,0,297.600006103516,0,13.5,2,720,7.75,2.75,7.75,2756.75,3836.5,50,-0.35,2018-10-19
"Morton",41.8164,-88.0549,2018,293,38361.6015625,2,288,0,12,1,640,6.5,1.5,6.5,2758.25,3843,50,-0.35,2018-10-20
"Morton",41.8164,-88.0549,2018,294,38016,0,329.600006103516,0,11,-3.5,480,3.75,0,3.75,2758.25,3846.75,50,-0.35,2018-10-21
"Morton",41.8164,-88.0549,2018,295,38016,0,329.600006103516,0,13.5,-1.5,560,6,1,6,2759.25,3852.75,50,-0.35,2018-10-22
"Morton",41.8164,-88.0549,2018,296,37670.3984375,0,307.200012207031,0,15,1.5,680,8.25,3.25,8.25,2762.5,3861,50,-0.35,2018-10-23
"Morton",41.8164,-88.0549,2018,297,37670.3984375,0,288,0,12,0,600,6,1,6,2763.5,3867,50,-0.35,2018-10-24
"Morton",41.8164,-88.0549,2018,298,37324.80078125,0,256,0,11,1,640,6,1,6,2764.5,3873,50,-0.35,2018-10-25
"Morton",41.8164,-88.0549,2018,299,37324.80078125,0,204.800003051758,0,11.5,4,800,7.75,2.75,7.75,2767.25,3880.75,50,-0.35,2018-10-26
"Morton",41.8164,-88.0549,2018,300,36979.19921875,0,217.600006103516,0,12.5,4.5,840,8.5,3.5,8.5,2770.75,3889.25,50,-0.35,2018-10-27
"Morton",41.8164,-88.0549,2018,301,36979.19921875,4,153.600006103516,0,12,4.5,840,8.25,3.25,8.25,2774,3897.5,50,-0.35,2018-10-28
"Morton",41.8164,-88.0549,2018,302,36979.19921875,1,236.800003051758,0,11,2,720,6.5,1.5,6.5,2775.5,3904,50,-0.35,2018-10-29
"Morton",41.8164,-88.0549,2018,303,36633.6015625,0,268.799987792969,0,16,4.5,840,10.25,5.25,10.25,2780.75,3914.25,50,-0.35,2018-10-30
"Morton",41.8164,-88.0549,2018,304,36633.6015625,18,163.199996948242,0,16,7.5,1040,11.75,6.75,11.75,2787.5,3926,50,-0.35,2018-10-31
"Morton",41.8164,-88.0549,2018,305,36288,0,176,0,13,6.5,960,9.75,4.75,9.75,2792.25,3935.75,50,-0.35,2018-11-01
"Morton",41.8164,-88.0549,2018,306,36288,0,236.800003051758,0,11,1.5,680,6.25,1.25,6.25,2793.5,3942,50,-0.35,2018-11-02
"Morton",41.8164,-88.0549,2018,307,35942.3984375,0,240,0,9.5,0,600,4.75,0,4.75,2793.5,3946.75,50,-0.35,2018-11-03
"Morton",41.8164,-88.0549,2018,308,35942.3984375,5,131.199996948242,0,10,3.5,800,6.75,1.75,6.75,2795.25,3953.5,50,-0.35,2018-11-04
"Morton",41.8164,-88.0549,2018,309,35942.3984375,16,92.8000030517578,0,10.5,6,920,8.25,3.25,8.25,2798.5,3961.75,50,-0.35,2018-11-05
"Morton",41.8164,-88.0549,2018,310,35596.80078125,12,121.599998474121,0,10.5,4.5,840,7.5,2.5,7.5,2801,3969.25,50,-0.35,2018-11-06
"Morton",41.8164,-88.0549,2018,311,35596.80078125,0,150.399993896484,0,6,0.5,640,3.25,0,3.25,2801,3972.5,50,-0.35,2018-11-07
"Morton",41.8164,-88.0549,2018,312,35251.19921875,0,128,0,4,-0.5,600,1.75,0,1.75,2801,3974.25,50,-0.35,2018-11-08
"Morton",41.8164,-88.0549,2018,313,35251.19921875,3,150.399993896484,0,3.5,-4,440,-0.25,0,0,2801,3974.25,51,-0.35,2018-11-09
"Morton",41.8164,-88.0549,2018,314,35251.19921875,0,220.800003051758,0,0.5,-8,320,-3.75,0,0,2801,3974.25,52,-0.35,2018-11-10
"Morton",41.8164,-88.0549,2018,315,34905.6015625,0,217.600006103516,0,3,-5.5,400,-1.25,0,0,2801,3974.25,53,-0.35,2018-11-11
"Morton",41.8164,-88.0549,2018,316,34905.6015625,0,195.199996948242,0,3.5,-4,440,-0.25,0,0,2801,3974.25,54,-0.35,2018-11-12
"Morton",41.8164,-88.0549,2018,317,34905.6015625,0,214.399993896484,0,0,-8.5,320,-4.25,0,0,2801,3974.25,55,-0.35,2018-11-13
"Morton",41.8164,-88.0549,2018,318,34560,0,230.399993896484,0,0,-9.5,280,-4.75,0,0,2801,3974.25,56,-0.35,2018-11-14
"Morton",41.8164,-88.0549,2018,319,34560,0,211.199996948242,0,2,-6.5,360,-2.25,0,0,2801,3974.25,57,-0.35,2018-11-15
"Morton",41.8164,-88.0549,2018,320,34560,2,182.399993896484,0,3.5,-3.5,480,0,0,0,2801,3974.25,57,-0.35,2018-11-16
"Morton",41.8164,-88.0549,2018,321,34214.3984375,3,76.8000030517578,0,3,-0.5,600,1.25,0,1.25,2801,3975.5,57,-0.35,2018-11-17
"Morton",41.8164,-88.0549,2018,322,34214.3984375,3,115.199996948242,0,1.5,-4,440,-1.25,0,0,2801,3975.5,58,-0.35,2018-11-18
"Morton",41.8164,-88.0549,2018,323,34214.3984375,0,208,0,1,-7,360,-3,0,0,2801,3975.5,59,-0.35,2018-11-19
"Morton",41.8164,-88.0549,2018,324,33868.80078125,0,156.800003051758,0,1.5,-4,440,-1.25,0,0,2801,3975.5,60,-0.35,2018-11-20
"Morton",41.8164,-88.0549,2018,325,33868.80078125,0,160,0,2.5,-3,480,-0.25,0,0,2801,3975.5,61,-0.35,2018-11-21
"Morton",41.8164,-88.0549,2018,326,33868.80078125,0,172.800003051758,0,3,-3,480,0,0,0,2801,3975.5,61,-0.35,2018-11-22
"Morton",41.8164,-88.0549,2018,327,33523.19921875,0,214.399993896484,0,7.5,-1,560,3.25,0,3.25,2801,3978.75,61,-0.35,2018-11-23
"Morton",41.8164,-88.0549,2018,328,33523.19921875,7,147.199996948242,0,9.5,2,720,5.75,0.75,5.75,2801.75,3984.5,61,-0.35,2018-11-24
"Morton",41.8164,-88.0549,2018,329,33523.19921875,0,169.600006103516,0,6.5,0.5,640,3.5,0,3.5,2801.75,3988,61,-0.35,2018-11-25
"Morton",41.8164,-88.0549,2018,330,33523.19921875,36,144,0,2.5,-4.5,440,-1,0,0,2801.75,3988,62,-0.35,2018-11-26
"Morton",41.8164,-88.0549,2018,331,33177.6015625,0,108.800003051758,0,-3.5,-7,360,-5.25,0,0,2801.75,3988,63,-0.35,2018-11-27
"Morton",41.8164,-88.0549,2018,332,33177.6015625,0,150.399993896484,0,-3,-8,320,-5.5,0,0,2801.75,3988,64,-0.35,2018-11-28
"Morton",41.8164,-88.0549,2018,333,33177.6015625,1,150.399993896484,0,0,-5,440,-2.5,0,0,2801.75,3988,65,-0.35,2018-11-29
"Morton",41.8164,-88.0549,2018,334,33177.6015625,0,182.399993896484,0,3.5,-3,480,0.25,0,0.25,2801.75,3988.25,65,-0.35,2018-11-30
"Morton",41.8164,-88.0549,2018,335,32832,0,188.800003051758,0,6,-1,560,2.5,0,2.5,2801.75,3990.75,65,-0.35,2018-12-01
"Morton",41.8164,-88.0549,2018,336,32832,26,118.400001525879,0,7,1.5,680,4.25,0,4.25,2801.75,3995,65,-0.35,2018-12-02
"Morton",41.8164,-88.0549,2018,337,32832,2,160,0,4.5,-1,560,1.75,0,1.75,2801.75,3996.75,65,-0.35,2018-12-03
"Morton",41.8164,-88.0549,2018,338,32832,0,108.800003051758,0,1,-2.5,520,-0.75,0,0,2801.75,3996.75,66,-0.35,2018-12-04
"Morton",41.8164,-88.0549,2018,339,32832,0,124.800003051758,0,-0.5,-4.5,440,-2.5,0,0,2801.75,3996.75,67,-0.35,2018-12-05
"Morton",41.8164,-88.0549,2018,340,32832,0,182.399993896484,0,0,-6.5,360,-3.25,0,0,2801.75,3996.75,68,-0.35,2018-12-06
"Morton",41.8164,-88.0549,2018,341,32486.400390625,0,211.199996948242,0,-2,-10.5,280,-6.25,0,0,2801.75,3996.75,69,-0.35,2018-12-07
"Morton",41.8164,-88.0549,2018,342,32486.400390625,0,195.199996948242,0,-2.5,-10,280,-6.25,0,0,2801.75,3996.75,70,-0.35,2018-12-08
"Morton",41.8164,-88.0549,2018,343,32486.400390625,0,227.199996948242,0,0,-10.5,280,-5.25,0,0,2801.75,3996.75,71,-0.35,2018-12-09
"Morton",41.8164,-88.0549,2018,344,32486.400390625,0,230.399993896484,0,0.5,-11,280,-5.25,0,0,2801.75,3996.75,72,-0.35,2018-12-10
"Morton",41.8164,-88.0549,2018,345,32486.400390625,0,217.600006103516,0,2,-8,320,-3,0,0,2801.75,3996.75,73,-0.35,2018-12-11
"Morton",41.8164,-88.0549,2018,346,32486.400390625,0,201.600006103516,0,4.5,-4,440,0.25,0,0.25,2801.75,3997,73,-0.35,2018-12-12
"Morton",41.8164,-88.0549,2018,347,32486.400390625,0,224,0,5.5,-6,400,-0.25,0,0,2801.75,3997,74,-0.35,2018-12-13
"Morton",41.8164,-88.0549,2018,348,32486.400390625,8,153.600006103516,0,5.5,-3.5,480,1,0,1,2801.75,3998,74,-0.35,2018-12-14
"Morton",41.8164,-88.0549,2018,349,32140.80078125,0,214.399993896484,0,7,-3.5,480,1.75,0,1.75,2801.75,3999.75,74,-0.35,2018-12-15
"Morton",41.8164,-88.0549,2018,350,32140.80078125,0,224,0,8.5,-4,440,2.25,0,2.25,2801.75,4002,74,-0.35,2018-12-16
"Morton",41.8164,-88.0549,2018,351,32140.80078125,0,211.199996948242,0,7.5,-3,480,2.25,0,2.25,2801.75,4004.25,74,-0.35,2018-12-17
"Morton",41.8164,-88.0549,2018,352,32140.80078125,0,217.600006103516,0,6,-5.5,400,0.25,0,0.25,2801.75,4004.5,74,-0.35,2018-12-18
"Morton",41.8164,-88.0549,2018,353,32140.80078125,0,211.199996948242,0,8,-3,480,2.5,0,2.5,2801.75,4007,74,-0.35,2018-12-19
"Morton",41.8164,-88.0549,2018,354,32140.80078125,0,163.199996948242,0,9,2,720,5.5,0.5,5.5,2802.25,4012.5,74,-0.35,2018-12-20
"Morton",41.8164,-88.0549,2018,355,32140.80078125,3,108.800003051758,0,5.5,-0.5,600,2.5,0,2.5,2802.25,4015,74,-0.35,2018-12-21
"Morton",41.8164,-88.0549,2018,356,32140.80078125,0,80,0,1,-2,520,-0.5,0,0,2802.25,4015,75,-0.35,2018-12-22
"Morton",41.8164,-88.0549,2018,357,32140.80078125,0,160,0,3.5,-3,480,0.25,0,0.25,2802.25,4015.25,75,-0.35,2018-12-23
"Morton",41.8164,-88.0549,2018,358,32140.80078125,0,176,0,2,-5.5,400,-1.75,0,0,2802.25,4015.25,76,-0.35,2018-12-24
"Morton",41.8164,-88.0549,2018,359,32140.80078125,0,195.199996948242,0,5,-4,440,0.5,0,0.5,2802.25,4015.75,76,-0.35,2018-12-25
"Morton",41.8164,-88.0549,2018,360,32140.80078125,0,224,0,8.5,-4.5,440,2,0,2,2802.25,4017.75,76,-0.35,2018-12-26
"Morton",41.8164,-88.0549,2018,361,32486.400390625,8,150.399993896484,0,10.5,0.5,640,5.5,0.5,5.5,2802.75,4023.25,76,-0.35,2018-12-27
"Morton",41.8164,-88.0549,2018,362,32486.400390625,14,147.199996948242,0,10,0,600,5,0,5,2802.75,4028.25,76,-0.35,2018-12-28
"Morton",41.8164,-88.0549,2018,363,32486.400390625,2,134.399993896484,0,1,-4.5,440,-1.75,0,0,2802.75,4028.25,77,-0.35,2018-12-29
"Morton",41.8164,-88.0549,2018,364,32486.400390625,1,214.399993896484,0,1,-8,320,-3.5,0,0,2802.75,4028.25,78,-0.35,2018-12-30
"Morton",41.8164,-88.0549,2018,365,32486.400390625,5,140.800003051758,0,3.5,-4,440,-0.25,0,0,2802.75,4028.25,79,-0.35,2018-12-31
"Morton",41.8164,-88.0549,2019,1,32486.400390625,16,92.8000030517578,0,2.5,-2.5,520,0,0,0,0,0,0,0.06875,2019-01-01
"Morton",41.8164,-88.0549,2019,2,32486.400390625,0,80,0,-0.5,-3.5,480,-2,0,0,0,0,1,0.06875,2019-01-02
"Morton",41.8164,-88.0549,2019,3,32486.400390625,1,147.199996948242,0,1,-5,440,-2,0,0,0,0,2,0.06875,2019-01-03
"Morton",41.8164,-88.0549,2019,4,32486.400390625,0,201.600006103516,0,6,-3.5,480,1.25,0,1.25,0,1.25,2,0.06875,2019-01-04
"Morton",41.8164,-88.0549,2019,5,32832,0,227.199996948242,0,10,-2.5,520,3.75,0,3.75,0,5,2,0.06875,2019-01-05
"Morton",41.8164,-88.0549,2019,6,32832,0,201.600006103516,0,8.5,-1,560,3.75,0,3.75,0,8.75,2,0.06875,2019-01-06
"Morton",41.8164,-88.0549,2019,7,32832,3,124.800003051758,0,9,2,720,5.5,0.5,5.5,0.5,14.25,2,0.06875,2019-01-07
"Morton",41.8164,-88.0549,2019,8,32832,9,166.399993896484,0,10,-1.5,560,4.25,0,4.25,0.5,18.5,2,0.06875,2019-01-08
"Morton",41.8164,-88.0549,2019,9,32832,0,214.399993896484,0,2,-8,320,-3,0,0,0.5,18.5,3,0.06875,2019-01-09
"Morton",41.8164,-88.0549,2019,10,33177.6015625,0,144,0,-5,-10.5,280,-7.75,0,0,0.5,18.5,4,0.06875,2019-01-10
"Morton",41.8164,-88.0549,2019,11,33177.6015625,0,166.399993896484,0,-2.5,-9,320,-5.75,0,0,0.5,18.5,5,0.06875,2019-01-11
"Morton",41.8164,-88.0549,2019,12,33177.6015625,0,108.800003051758,0,-1,-5,440,-3,0,0,0.5,18.5,6,0.06875,2019-01-12
"Morton",41.8164,-88.0549,2019,13,33177.6015625,7,83.1999969482422,0,-0.5,-4.5,440,-2.5,0,0,0.5,18.5,7,0.06875,2019-01-13
"Morton",41.8164,-88.0549,2019,14,33177.6015625,0,169.600006103516,0,-1,-7.5,360,-4.25,0,0,0.5,18.5,8,0.06875,2019-01-14
"Morton",41.8164,-88.0549,2019,15,33523.19921875,0,112,0,-1,-5,440,-3,0,0,0.5,18.5,9,0.06875,2019-01-15
"Morton",41.8164,-88.0549,2019,16,33523.19921875,0,124.800003051758,0,1,-3.5,480,-1.25,0,0,0.5,18.5,10,0.06875,2019-01-16
"Morton",41.8164,-88.0549,2019,17,33523.19921875,0,112,0,1.5,-2.5,520,-0.5,0,0,0.5,18.5,11,0.06875,2019-01-17
"Morton",41.8164,-88.0549,2019,18,33868.80078125,0,86.4000015258789,0,0.5,-2.5,520,-1,0,0,0.5,18.5,12,0.06875,2019-01-18
"Morton",41.8164,-88.0549,2019,19,33868.80078125,10,128,8,-1.5,-7,360,-4.25,0,0,0.5,18.5,13,0.06875,2019-01-19
"Morton",41.8164,-88.0549,2019,20,33868.80078125,2,252.800003051758,12,-6,-15,200,-10.5,0,0,0.5,18.5,14,0.06875,2019-01-20
"Morton",41.8164,-88.0549,2019,21,33868.80078125,0,217.600006103516,12,-9.5,-16.5,160,-13,0,0,0.5,18.5,15,0.06875,2019-01-21
"Morton",41.8164,-88.0549,2019,22,34214.3984375,0,268.799987792969,12,-3.5,-13.5,200,-8.5,0,0,0.5,18.5,16,0.06875,2019-01-22
"Morton",41.8164,-88.0549,2019,23,34214.3984375,11,198.399993896484,24,1.5,-8,320,-3.25,0,0,0.5,18.5,17,0.06875,2019-01-23
"Morton",41.8164,-88.0549,2019,24,34214.3984375,2,304,24,-2.5,-15,200,-8.75,0,0,0.5,18.5,18,0.06875,2019-01-24
"Morton",41.8164,-88.0549,2019,25,34560,0,304,24,-10,-22,120,-16,0,0,0.5,18.5,19,0.06875,2019-01-25
"Morton",41.8164,-88.0549,2019,26,34560,1,297.600006103516,24,-13,-24,80,-18.5,0,0,0.5,18.5,20,0.06875,2019-01-26
"Morton",41.8164,-88.0549,2019,27,34560,2,313.600006103516,28,-11,-23,80,-17,0,0,0.5,18.5,21,0.06875,2019-01-27
"Morton",41.8164,-88.0549,2019,28,34905.6015625,12,256,40,-0.5,-17.5,160,-9,0,0,0.5,18.5,22,0.06875,2019-01-28
"Morton",41.8164,-88.0549,2019,29,34905.6015625,2,342.399993896484,40,-5.5,-21,120,-13.25,0,0,0.5,18.5,23,0.06875,2019-01-29
"Morton",41.8164,-88.0549,2019,30,34905.6015625,0,326.399993896484,40,-18.5,-30.5,40,-24.5,0,0,0.5,18.5,24,0.06875,2019-01-30
"Morton",41.8164,-88.0549,2019,31,35251.19921875,0,310.399993896484,40,-20,-30.5,40,-25.25,0,0,0.5,18.5,25,0.06875,2019-01-31
"Morton",41.8164,-88.0549,2019,32,35251.19921875,3,249.600006103516,44,-11,-23.5,80,-17.25,0,0,0.5,18.5,26,0.06875,2019-02-01
"Morton",41.8164,-88.0549,2019,33,35596.80078125,0,336,44,0.5,-13,240,-6.25,0,0,0.5,18.5,27,0.06875,2019-02-02
"Morton",41.8164,-88.0549,2019,34,35596.80078125,0,252.800003051758,44,7,-1,560,3,0,3,0.5,21.5,27,0.06875,2019-02-03
"Morton",41.8164,-88.0549,2019,35,35596.80078125,0,246.399993896484,40,9,1.5,680,5.25,0.25,5.25,0.75,26.75,27,0.06875,2019-02-04
"Morton",41.8164,-88.0549,2019,36,35942.3984375,1,304,40,5.5,-4.5,440,0.5,0,0.5,0.75,27.25,27,0.06875,2019-02-05
"Morton",41.8164,-88.0549,2019,37,35942.3984375,7,160,36,4,-2,520,1,0,1,0.75,28.25,27,0.06875,2019-02-06
"Morton",41.8164,-88.0549,2019,38,36288,16,236.800003051758,52,4,-6,400,-1,0,0,0.75,28.25,28,0.06875,2019-02-07
"Morton",41.8164,-88.0549,2019,39,36288,4,272,56,-2.5,-16,160,-9.25,0,0,0.75,28.25,29,0.06875,2019-02-08
"Morton",41.8164,-88.0549,2019,40,36288,0,294.399993896484,56,-7,-15.5,200,-11.25,0,0,0.75,28.25,30,0.06875,2019-02-09
"Morton",41.8164,-88.0549,2019,41,36633.6015625,0,243.199996948242,56,-3.5,-10,280,-6.75,0,0,0.75,28.25,31,0.06875,2019-02-10
"Morton",41.8164,-88.0549,2019,42,36633.6015625,2,140.800003051758,56,-1,-4.5,440,-2.75,0,0,0.75,28.25,32,0.06875,2019-02-11
"Morton",41.8164,-88.0549,2019,43,36979.19921875,15,160,56,0.5,-5,440,-2.25,0,0,0.75,28.25,33,0.06875,2019-02-12
"Morton",41.8164,-88.0549,2019,44,36979.19921875,2,348.799987792969,60,-0.5,-11.5,240,-6,0,0,0.75,28.25,34,0.06875,2019-02-13
"Morton",41.8164,-88.0549,2019,45,37324.80078125,0,361.600006103516,60,5,-7,360,-1,0,0,0.75,28.25,35,0.06875,2019-02-14
"Morton",41.8164,-88.0549,2019,46,37324.80078125,0,400,60,3.5,-13,240,-4.75,0,0,0.75,28.25,36,0.06875,2019-02-15
"Morton",41.8164,-88.0549,2019,47,37670.3984375,0,272,60,-4,-11.5,240,-7.75,0,0,0.75,28.25,37,0.06875,2019-02-16
"Morton",41.8164,-88.0549,2019,48,37670.3984375,1,208,60,-1.5,-7,360,-4.25,0,0,0.75,28.25,38,0.06875,2019-02-17
"Morton",41.8164,-88.0549,2019,49,37670.3984375,6,182.399993896484,64,-1.5,-8,320,-4.75,0,0,0.75,28.25,39,0.06875,2019-02-18
"Morton",41.8164,-88.0549,2019,50,38016,0,380.799987792969,64,-0.5,-13,240,-6.75,0,0,0.75,28.25,40,0.06875,2019-02-19
"Morton",41.8164,-88.0549,2019,51,38016,2,326.399993896484,68,2,-7.5,360,-2.75,0,0,0.75,28.25,41,0.06875,2019-02-20
"Morton",41.8164,-88.0549,2019,52,38361.6015625,2,265.600006103516,68,2,-5,440,-1.5,0,0,0.75,28.25,42,0.06875,2019-02-21
"Morton",41.8164,-88.0549,2019,53,38361.6015625,0,355.200012207031,68,3,-7.5,360,-2.25,0,0,0.75,28.25,43,0.06875,2019-02-22
"Morton",41.8164,-88.0549,2019,54,38707.19921875,0,345.600006103516,64,7,-3,480,2,0,2,0.75,30.25,43,0.06875,2019-02-23
"Morton",41.8164,-88.0549,2019,55,38707.19921875,20,313.600006103516,84,7.5,-6.5,360,0.5,0,0.5,0.75,30.75,43,0.06875,2019-02-24
"Morton",41.8164,-88.0549,2019,56,39052.80078125,0,396.799987792969,84,-2.5,-14,200,-8.25,0,0,0.75,30.75,44,0.06875,2019-02-25
"Morton",41.8164,-88.0549,2019,57,39052.80078125,0,252.800003051758,84,-5.5,-11.5,240,-8.5,0,0,0.75,30.75,45,0.06875,2019-02-26
"Morton",41.8164,-88.0549,2019,58,39398.3984375,0,329.600006103516,84,-2,-10,280,-6,0,0,0.75,30.75,46,0.06875,2019-02-27
"Morton",41.8164,-88.0549,2019,59,39398.3984375,0,377.600006103516,84,-2,-11.5,240,-6.75,0,0,0.75,30.75,47,0.06875,2019-02-28
"Morton",41.8164,-88.0549,2019,60,39744,0,339.200012207031,84,0,-8,320,-4,0,0,0.75,30.75,48,0.06875,2019-03-01
"Morton",41.8164,-88.0549,2019,61,39744,0,294.399993896484,84,2,-4.5,440,-1.25,0,0,0.75,30.75,49,0.06875,2019-03-02
"Morton",41.8164,-88.0549,2019,62,40089.6015625,0,406.399993896484,84,-1,-11,280,-6,0,0,0.75,30.75,50,0.06875,2019-03-03
"Morton",41.8164,-88.0549,2019,63,40089.6015625,0,451.200012207031,84,-7.5,-19.5,120,-13.5,0,0,0.75,30.75,51,0.06875,2019-03-04
"Morton",41.8164,-88.0549,2019,64,40435.19921875,0,393.600006103516,84,-8.5,-17.5,160,-13,0,0,0.75,30.75,52,0.06875,2019-03-05
"Morton",41.8164,-88.0549,2019,65,40435.19921875,0,428.799987792969,84,-3.5,-14,200,-8.75,0,0,0.75,30.75,53,0.06875,2019-03-06
"Morton",41.8164,-88.0549,2019,66,40780.80078125,0,428.799987792969,84,-1,-11.5,240,-6.25,0,0,0.75,30.75,54,0.06875,2019-03-07
"Morton",41.8164,-88.0549,2019,67,40780.80078125,0,390.399993896484,84,1.5,-7.5,360,-3,0,0,0.75,30.75,55,0.06875,2019-03-08
"Morton",41.8164,-88.0549,2019,68,41126.3984375,0,406.399993896484,84,5.5,-4,440,0.75,0,0.75,0.75,31.5,55,0.06875,2019-03-09
"Morton",41.8164,-88.0549,2019,69,41126.3984375,14,220.800003051758,84,5,-1,560,2,0,2,0.75,33.5,55,0.06875,2019-03-10
"Morton",41.8164,-88.0549,2019,70,41472,0,358.399993896484,80,4,-3.5,480,0.25,0,0.25,0.75,33.75,55,0.06875,2019-03-11
"Morton",41.8164,-88.0549,2019,71,41472,0,476.799987792969,80,7,-5.5,400,0.75,0,0.75,0.75,34.5,55,0.06875,2019-03-12
"Morton",41.8164,-88.0549,2019,72,41472,7,355.200012207031,80,12,-1,560,5.5,0.5,5.5,1.25,40,55,0.06875,2019-03-13
"Morton",41.8164,-88.0549,2019,73,41817.6015625,9,336,76,16,4,800,10,5,10,6.25,50,55,0.06875,2019-03-14
"Morton",41.8164,-88.0549,2019,74,41817.6015625,10,320,72,11.5,1,640,6.25,1.25,6.25,7.5,56.25,55,0.06875,2019-03-15
"Morton",41.8164,-88.0549,2019,75,42163.19921875,0,371.200012207031,72,5,-3,480,1,0,1,7.5,57.25,55,0.06875,2019-03-16
"Morton",41.8164,-88.0549,2019,76,42163.19921875,0,425.600006103516,68,6,-3.5,480,1.25,0,1.25,7.5,58.5,55,0.06875,2019-03-17
"Morton",41.8164,-88.0549,2019,77,42508.80078125,0,438.399993896484,68,6.5,-3.5,480,1.5,0,1.5,7.5,60,55,0.06875,2019-03-18
"Morton",41.8164,-88.0549,2019,78,42508.80078125,0,460.799987792969,68,8,-3,480,2.5,0,2.5,7.5,62.5,55,0.06875,2019-03-19
"Morton",41.8164,-88.0549,2019,79,42854.3984375,1,419.200012207031,64,9,-0.5,600,4.25,0,4.25,7.5,66.75,55,0.06875,2019-03-20
"Morton",41.8164,-88.0549,2019,80,42854.3984375,3,192,60,7,2,720,4.5,0,4.5,7.5,71.25,55,0.06875,2019-03-21
"Morton",41.8164,-88.0549,2019,81,43200,0,416,60,8,-1,560,3.5,0,3.5,7.5,74.75,55,0.06875,2019-03-22
"Morton",41.8164,-88.0549,2019,82,43545.6015625,0,531.200012207031,60,10,-5,440,2.5,0,2.5,7.5,77.25,55,0.06875,2019-03-23
"Morton",41.8164,-88.0549,2019,83,43545.6015625,0,502.399993896484,56,11,-2,520,4.5,0,4.5,7.5,81.75,55,0.06875,2019-03-24
"Morton",41.8164,-88.0549,2019,84,43891.19921875,2,432,56,8,-1.5,560,3.25,0,3.25,7.5,85,55,0.06875,2019-03-25
"Morton",41.8164,-88.0549,2019,85,43891.19921875,0,499.200012207031,56,7.5,-4.5,440,1.5,0,1.5,7.5,86.5,55,0.06875,2019-03-26
"Morton",41.8164,-88.0549,2019,86,44236.80078125,0,537.599975585938,52,12,-3,480,4.5,0,4.5,7.5,91,55,0.06875,2019-03-27
"Morton",41.8164,-88.0549,2019,87,44236.80078125,2,515.200012207031,52,16,2,720,9,4,9,11.5,100,55,0.06875,2019-03-28
"Morton",41.8164,-88.0549,2019,88,44582.3984375,0,496,48,16,3,760,9.5,4.5,9.5,16,109.5,55,0.06875,2019-03-29
"Morton",41.8164,-88.0549,2019,89,44582.3984375,14,339.200012207031,44,11,0.5,640,5.75,0.75,5.75,16.75,115.25,55,0.06875,2019-03-30
"Morton",41.8164,-88.0549,2019,90,44928,0,486.399993896484,44,6,-5.5,400,0.25,0,0.25,16.75,115.5,55,0.06875,2019-03-31
"Morton",41.8164,-88.0549,2019,91,44928,0,483.200012207031,44,7,-4.5,440,1.25,0,1.25,16.75,116.75,55,0.06875,2019-04-01
"Morton",41.8164,-88.0549,2019,92,44928,0,476.799987792969,40,11,-0.5,600,5.25,0.25,5.25,17,122,55,0.06875,2019-04-02
"Morton",41.8164,-88.0549,2019,93,45273.6015625,0,515.200012207031,36,14,0.5,640,7.25,2.25,7.25,19.25,129.25,55,0.06875,2019-04-03
"Morton",41.8164,-88.0549,2019,94,45273.6015625,4,291.200012207031,32,12,3.5,800,7.75,2.75,7.75,22,137,55,0.06875,2019-04-04
"Morton",41.8164,-88.0549,2019,95,45619.19921875,4,220.800003051758,28,10,4,800,7,2,7,24,144,55,0.06875,2019-04-05
"Morton",41.8164,-88.0549,2019,96,45619.19921875,0,496,24,16,3.5,800,9.75,4.75,9.75,28.75,153.75,55,0.06875,2019-04-06
"Morton",41.8164,-88.0549,2019,97,45964.80078125,0,492.799987792969,20,20.5,7.5,1040,14,9,14,37.75,167.75,55,0.06875,2019-04-07
"Morton",41.8164,-88.0549,2019,98,45964.80078125,10,332.799987792969,12,20.5,9.5,1200,15,10,15,47.75,182.75,55,0.06875,2019-04-08
"Morton",41.8164,-88.0549,2019,99,46310.3984375,0,537.599975585938,8,21.5,5,880,13.25,8.25,13.25,56,196,55,0.06875,2019-04-09
"Morton",41.8164,-88.0549,2019,100,46310.3984375,0,467.200012207031,4,12.5,1,640,6.75,1.75,6.75,57.75,202.75,55,0.06875,2019-04-10
"Morton",41.8164,-88.0549,2019,101,46656,2,368,4,10,2,720,6,1,6,58.75,208.75,55,0.06875,2019-04-11
"Morton",41.8164,-88.0549,2019,102,46656,9,310.399993896484,0,14,3,760,8.5,3.5,8.5,62.25,217.25,55,0.06875,2019-04-12
"Morton",41.8164,-88.0549,2019,103,47001.6015625,0,409.600006103516,0,11.5,1,640,6.25,1.25,6.25,63.5,223.5,55,0.06875,2019-04-13
"Morton",41.8164,-88.0549,2019,104,47001.6015625,6,256,0,8,0,600,4,0,4,63.5,227.5,55,0.06875,2019-04-14
"Morton",41.8164,-88.0549,2019,105,47347.19921875,16,281.600006103516,0,6.5,-2.5,520,2,0,2,63.5,229.5,55,0.06875,2019-04-15
"Morton",41.8164,-88.0549,2019,106,47347.19921875,0,492.799987792969,0,18.5,3,760,10.75,5.75,10.75,69.25,240.25,55,0.06875,2019-04-16
"Morton",41.8164,-88.0549,2019,107,47692.80078125,0,492.799987792969,0,24.5,7.5,1040,16,11,16,80.25,256.25,55,0.06875,2019-04-17
"Morton",41.8164,-88.0549,2019,108,47692.80078125,4,339.200012207031,0,21.5,8,1080,14.75,9.75,14.75,90,271,55,0.06875,2019-04-18
"Morton",41.8164,-88.0549,2019,109,48038.3984375,8,220.800003051758,0,12,5,880,8.5,3.5,8.5,93.5,279.5,55,0.06875,2019-04-19
"Morton",41.8164,-88.0549,2019,110,48038.3984375,0,435.200012207031,0,16,4,800,10,5,10,98.5,289.5,55,0.06875,2019-04-20
"Morton",41.8164,-88.0549,2019,111,48384,0,502.399993896484,0,21.5,4.5,840,13,8,13,106.5,302.5,55,0.06875,2019-04-21
"Morton",41.8164,-88.0549,2019,112,48384,0,489.600006103516,0,26.5,9.5,1200,18,13,18,119.5,320.5,55,0.06875,2019-04-22
"Morton",41.8164,-88.0549,2019,113,48729.6015625,3,336,0,22.5,9,1160,15.75,10.75,15.75,130.25,336.25,55,0.06875,2019-04-23
"Morton",41.8164,-88.0549,2019,114,48729.6015625,0,441.600006103516,0,17,4.5,840,10.75,5.75,10.75,136,347,55,0.06875,2019-04-24
"Morton",41.8164,-88.0549,2019,115,48729.6015625,0,457.600006103516,0,19,5.5,920,12.25,7.25,12.25,143.25,359.25,55,0.06875,2019-04-25
"Morton",41.8164,-88.0549,2019,116,49075.19921875,5,310.399993896484,0,19.5,8,1080,13.75,8.75,13.75,152,373,55,0.06875,2019-04-26
"Morton",41.8164,-88.0549,2019,117,49075.19921875,0,419.200012207031,0,13.5,2.5,720,8,3,8,155,381,55,0.06875,2019-04-27
"Morton",41.8164,-88.0549,2019,118,49420.80078125,26,320,0,9.5,-1.5,560,4,0,4,155,385,55,0.06875,2019-04-28
"Morton",41.8164,-88.0549,2019,119,49420.80078125,23,275.200012207031,0,12,3,760,7.5,2.5,7.5,157.5,392.5,55,0.06875,2019-04-29
"Morton",41.8164,-88.0549,2019,120,49766.3984375,18,211.199996948242,0,10.5,4,800,7.25,2.25,7.25,159.75,399.75,55,0.06875,2019-04-30
"Morton",41.8164,-88.0549,2019,121,49766.3984375,58,227.199996948242,0,12.5,5.5,920,9,4,9,163.75,408.75,55,0.06875,2019-05-01
"Morton",41.8164,-88.0549,2019,122,50112,5,201.600006103516,0,12,6,920,9,4,9,167.75,417.75,55,0.06875,2019-05-02
"Morton",41.8164,-88.0549,2019,123,50112,12,236.800003051758,0,12,5,880,8.5,3.5,8.5,171.25,426.25,55,0.06875,2019-05-03
"Morton",41.8164,-88.0549,2019,124,50112,1,438.399993896484,0,15.5,4.5,840,10,5,10,176.25,436.25,55,0.06875,2019-05-04
"Morton",41.8164,-88.0549,2019,125,50457.6015625,0,502.399993896484,0,20.5,5.5,920,13,8,13,184.25,449.25,55,0.06875,2019-05-05
"Morton",41.8164,-88.0549,2019,126,50457.6015625,0,480,0,22.5,8.5,1120,15.5,10.5,15.5,194.75,464.75,55,0.06875,2019-05-06
"Morton",41.8164,-88.0549,2019,127,50803.19921875,17,304,0,17,7,1000,12,7,12,201.75,476.75,55,0.06875,2019-05-07
"Morton",41.8164,-88.0549,2019,128,50803.19921875,2,393.600006103516,0,16.5,7,1000,11.75,6.75,11.75,208.5,488.5,55,0.06875,2019-05-08
"Morton",41.8164,-88.0549,2019,129,50803.19921875,27,342.399993896484,0,20,8,1080,14,9,14,217.5,502.5,55,0.06875,2019-05-09
"Morton",41.8164,-88.0549,2019,130,51148.80078125,1,428.799987792969,0,16.5,6,920,11.25,6.25,11.25,223.75,513.75,55,0.06875,2019-05-10
"Morton",41.8164,-88.0549,2019,131,51148.80078125,0,371.200012207031,0,14,5.5,920,9.75,4.75,9.75,228.5,523.5,55,0.06875,2019-05-11
"Morton",41.8164,-88.0549,2019,132,51494.3984375,3,240,0,12,5,880,8.5,3.5,8.5,232,532,55,0.06875,2019-05-12
"Morton",41.8164,-88.0549,2019,133,51494.3984375,3,304,0,14.5,5,880,9.75,4.75,9.75,236.75,541.75,55,0.06875,2019-05-13
"Morton",41.8164,-88.0549,2019,134,51494.3984375,0,524.799987792969,0,19.5,4,800,11.75,6.75,11.75,243.5,553.5,55,0.06875,2019-05-14
"Morton",41.8164,-88.0549,2019,135,51840,0,496,0,23,8.5,1120,15.75,10.75,15.75,254.25,569.25,55,0.06875,2019-05-15
"Morton",41.8164,-88.0549,2019,136,51840,0,464,0,25,12,1400,18.5,13.5,18.5,267.75,587.75,55,0.06875,2019-05-16
"Morton",41.8164,-88.0549,2019,137,51840,11,348.799987792969,0,22.5,10,1240,16.25,11.25,16.25,279,604,55,0.06875,2019-05-17
"Morton",41.8164,-88.0549,2019,138,52185.6015625,2,499.200012207031,0,21,7,1000,14,9,14,288,618,55,0.06875,2019-05-18
"Morton",41.8164,-88.0549,2019,139,52185.6015625,17,384,0,25.5,9.5,1200,17.5,12.5,17.5,300.5,635.5,55,0.06875,2019-05-19
"Morton",41.8164,-88.0549,2019,140,52185.6015625,5,332.799987792969,0,19.5,8,1080,13.75,8.75,13.75,309.25,649.25,55,0.06875,2019-05-20
"Morton",41.8164,-88.0549,2019,141,52531.19921875,2,297.600006103516,0,13.5,7,1000,10.25,5.25,10.25,314.5,659.5,55,0.06875,2019-05-21
"Morton",41.8164,-88.0549,2019,142,52531.19921875,17,342.399993896484,0,20,8.5,1120,14.25,9.25,14.25,323.75,673.75,55,0.06875,2019-05-22
"Morton",41.8164,-88.0549,2019,143,52531.19921875,5,345.600006103516,0,26,13.5,1560,19.75,14.75,19.75,338.5,693.5,55,0.06875,2019-05-23
"Morton",41.8164,-88.0549,2019,144,52531.19921875,4,342.399993896484,0,24.5,12.5,1440,18.5,13.5,18.5,352,712,55,0.06875,2019-05-24
"Morton",41.8164,-88.0549,2019,145,52876.80078125,1,384,0,26,16.5,1880,21.25,16.25,21.25,368.25,733.25,55,0.06875,2019-05-25
"Morton",41.8164,-88.0549,2019,146,52876.80078125,1,438.399993896484,0,26.5,15,1720,20.75,15.75,20.75,384,754,55,0.06875,2019-05-26
"Morton",41.8164,-88.0549,2019,147,52876.80078125,1,489.600006103516,0,24.5,11,1320,17.75,12.75,17.75,396.75,771.75,55,0.06875,2019-05-27
"Morton",41.8164,-88.0549,2019,148,53222.3984375,50,310.399993896484,0,22.5,12.5,1440,17.5,12.5,17.5,409.25,789.25,55,0.06875,2019-05-28
"Morton",41.8164,-88.0549,2019,149,53222.3984375,25,320,0,22,11.5,1360,16.75,11.75,16.75,421,806,55,0.06875,2019-05-29
"Morton",41.8164,-88.0549,2019,150,53222.3984375,8,320,0,25.5,14.5,1640,20,15,20,436,826,55,0.06875,2019-05-30
"Morton",41.8164,-88.0549,2019,151,53222.3984375,0,454.399993896484,0,27,14.5,1640,20.75,15.75,20.75,451.75,846.75,55,0.06875,2019-05-31
"Morton",41.8164,-88.0549,2019,152,53222.3984375,0,457.600006103516,0,28,15,1720,21.5,16.5,21.5,468.25,868.25,55,0.06875,2019-06-01
"Morton",41.8164,-88.0549,2019,153,53568,1,492.799987792969,0,25,10.5,1280,17.75,12.75,17.75,481,886,55,0.06875,2019-06-02
"Morton",41.8164,-88.0549,2019,154,53568,0,464,0,21.5,9,1160,15.25,10.25,15.25,491.25,901.25,55,0.06875,2019-06-03
"Morton",41.8164,-88.0549,2019,155,53568,0,454.399993896484,0,25,12.5,1440,18.75,13.75,18.75,505,920,55,0.06875,2019-06-04
"Morton",41.8164,-88.0549,2019,156,53568,17,345.600006103516,0,28.5,15,1720,21.75,16.75,21.75,521.75,941.75,55,0.06875,2019-06-05
"Morton",41.8164,-88.0549,2019,157,53568,0,444.799987792969,0,27,14.5,1640,20.75,15.75,20.75,537.5,962.5,55,0.06875,2019-06-06
"Morton",41.8164,-88.0549,2019,158,53913.6015625,0,476.799987792969,0,26.5,12.5,1440,19.5,14.5,19.5,552,982,55,0.06875,2019-06-07
"Morton",41.8164,-88.0549,2019,159,53913.6015625,0,422.399993896484,0,26,14.5,1640,20.25,15.25,20.25,567.25,1002.25,55,0.06875,2019-06-08
"Morton",41.8164,-88.0549,2019,160,53913.6015625,0,320,0,25,17,1920,21,16,21,583.25,1023.25,55,0.06875,2019-06-09
"Morton",41.8164,-88.0549,2019,161,53913.6015625,0,371.200012207031,0,24.5,15,1720,19.75,14.75,19.75,598,1043,55,0.06875,2019-06-10
"Morton",41.8164,-88.0549,2019,162,53913.6015625,0,476.799987792969,0,25.5,11.5,1360,18.5,13.5,18.5,611.5,1061.5,55,0.06875,2019-06-11
"Morton",41.8164,-88.0549,2019,163,53913.6015625,0,419.200012207031,0,25.5,14,1600,19.75,14.75,19.75,626.25,1081.25,55,0.06875,2019-06-12
"Morton",41.8164,-88.0549,2019,164,53913.6015625,13,307.200012207031,0,21,10.5,1280,15.75,10.75,15.75,637,1097,55,0.06875,2019-06-13
"Morton",41.8164,-88.0549,2019,165,53913.6015625,0,480,0,23,9.5,1200,16.25,11.25,16.25,648.25,1113.25,55,0.06875,2019-06-14
"Morton",41.8164,-88.0549,2019,166,53913.6015625,1,416,0,24,13,1480,18.5,13.5,18.5,661.75,1131.75,55,0.06875,2019-06-15
"Morton",41.8164,-88.0549,2019,167,54259.19921875,16,224,0,20,13,1480,16.5,11.5,16.5,673.25,1148.25,55,0.06875,2019-06-16
"Morton",41.8164,-88.0549,2019,168,54259.19921875,0,304,0,20,13,1480,16.5,11.5,16.5,684.75,1164.75,55,0.06875,2019-06-17
"Morton",41.8164,-88.0549,2019,169,54259.19921875,0,428.799987792969,0,24,13,1480,18.5,13.5,18.5,698.25,1183.25,55,0.06875,2019-06-18
"Morton",41.8164,-88.0549,2019,170,54259.19921875,0,448,0,25.5,13.5,1560,19.5,14.5,19.5,712.75,1202.75,55,0.06875,2019-06-19
"Morton",41.8164,-88.0549,2019,171,54259.19921875,21,291.200012207031,0,22.5,13,1480,17.75,12.75,17.75,725.5,1220.5,55,0.06875,2019-06-20
"Morton",41.8164,-88.0549,2019,172,54259.19921875,1,457.600006103516,0,22.5,10.5,1280,16.5,11.5,16.5,737,1237,55,0.06875,2019-06-21
"Morton",41.8164,-88.0549,2019,173,54259.19921875,0,422.399993896484,0,25,14,1600,19.5,14.5,19.5,751.5,1256.5,55,0.06875,2019-06-22
"Morton",41.8164,-88.0549,2019,174,54259.19921875,3,300.799987792969,0,27.5,17,1920,22.25,17.25,22.25,768.75,1278.75,55,0.06875,2019-06-23
"Morton",41.8164,-88.0549,2019,175,54259.19921875,9,268.799987792969,0,27,18,2080,22.5,17.5,22.5,786.25,1301.25,55,0.06875,2019-06-24
"Morton",41.8164,-88.0549,2019,176,54259.19921875,5,329.600006103516,0,27.5,15.5,1760,21.5,16.5,21.5,802.75,1322.75,55,0.06875,2019-06-25
"Morton",41.8164,-88.0549,2019,177,54259.19921875,0,428.799987792969,0,30,18,2080,24,19,24,821.75,1346.75,55,0.06875,2019-06-26
"Morton",41.8164,-88.0549,2019,178,54259.19921875,12,323.200012207031,0,31.5,19,2200,25.25,20.25,25.25,842,1372,55,0.06875,2019-06-27
"Morton",41.8164,-88.0549,2019,179,53913.6015625,2,412.799987792969,0,32.5,20.5,2400,26.5,21.5,26.5,863.5,1398.5,55,0.06875,2019-06-28
"Morton",41.8164,-88.0549,2019,180,53913.6015625,6,304,0,31.5,20,2320,25.75,20.75,25.75,884.25,1424.25,55,0.06875,2019-06-29
"Morton",41.8164,-88.0549,2019,181,53913.6015625,0,403.200012207031,0,32,20.5,2400,26.25,21.25,26.25,905.5,1450.5,55,0.06875,2019-06-30
"Morton",41.8164,-88.0549,2019,182,53913.6015625,8,326.399993896484,0,32.5,19.5,2280,26,21,26,926.5,1476.5,55,0.06875,2019-07-01
"Morton",41.8164,-88.0549,2019,183,53913.6015625,0,403.200012207031,0,32.5,21,2480,26.75,21.75,26.75,948.25,1503.25,55,0.06875,2019-07-02
"Morton",41.8164,-88.0549,2019,184,53913.6015625,49,294.399993896484,0,32,21,2480,26.5,21.5,26.5,969.75,1529.75,55,0.06875,2019-07-03
"Morton",41.8164,-88.0549,2019,185,53913.6015625,0,406.399993896484,0,32,20.5,2400,26.25,21.25,26.25,991,1556,55,0.06875,2019-07-04
"Morton",41.8164,-88.0549,2019,186,53913.6015625,0,377.600006103516,0,32.5,22,2640,27.25,22.25,27.25,1013.25,1583.25,55,0.06875,2019-07-05
"Morton",41.8164,-88.0549,2019,187,53568,0,358.399993896484,0,31,21.5,2560,26.25,21.25,26.25,1034.5,1609.5,55,0.06875,2019-07-06
"Morton",41.8164,-88.0549,2019,188,53568,6,281.600006103516,0,28,18.5,2120,23.25,18.25,23.25,1052.75,1632.75,55,0.06875,2019-07-07
"Morton",41.8164,-88.0549,2019,189,53568,0,448,0,27.5,15.5,1760,21.5,16.5,21.5,1069.25,1654.25,55,0.06875,2019-07-08
"Morton",41.8164,-88.0549,2019,190,53568,0,464,0,30,16.5,1880,23.25,18.25,23.25,1087.5,1677.5,55,0.06875,2019-07-09
"Morton",41.8164,-88.0549,2019,191,53568,0,403.200012207031,0,32.5,21,2480,26.75,21.75,26.75,1109.25,1704.25,55,0.06875,2019-07-10
"Morton",41.8164,-88.0549,2019,192,53568,0,444.799987792969,0,31.5,18.5,2120,25,20,25,1129.25,1729.25,55,0.06875,2019-07-11
"Morton",41.8164,-88.0549,2019,193,53222.3984375,0,486.399993896484,0,29,14.5,1640,21.75,16.75,21.75,1146,1751,55,0.06875,2019-07-12
"Morton",41.8164,-88.0549,2019,194,53222.3984375,0,457.600006103516,0,32.5,18.5,2120,25.5,20.5,25.5,1166.5,1776.5,55,0.06875,2019-07-13
"Morton",41.8164,-88.0549,2019,195,53222.3984375,0,451.200012207031,0,33.5,19.5,2280,26.5,21.5,26.5,1188,1803,55,0.06875,2019-07-14
"Morton",41.8164,-88.0549,2019,196,53222.3984375,5,323.200012207031,0,33,20,2320,26.5,21.5,26.5,1209.5,1829.5,55,0.06875,2019-07-15
"Morton",41.8164,-88.0549,2019,197,52876.80078125,2,361.600006103516,0,31,21,2480,26,21,26,1230.5,1855.5,55,0.06875,2019-07-16
"Morton",41.8164,-88.0549,2019,198,52876.80078125,13,259.200012207031,0,31,21.5,2560,26.25,21.25,26.25,1251.75,1881.75,55,0.06875,2019-07-17
"Morton",41.8164,-88.0549,2019,199,52876.80078125,14,275.200012207031,0,32.5,22,2640,27.25,22.25,27.25,1274,1909,55,0.06875,2019-07-18
"Morton",41.8164,-88.0549,2019,200,52876.80078125,43,230.399993896484,0,32.5,24,3000,28.25,23.25,28.25,1297.25,1937.25,55,0.06875,2019-07-19
"Morton",41.8164,-88.0549,2019,201,52531.19921875,0,355.200012207031,0,34.5,24,3000,29.25,24.25,29.25,1321.5,1966.5,55,0.06875,2019-07-20
"Morton",41.8164,-88.0549,2019,202,52531.19921875,2,364.799987792969,0,30.5,20.5,2400,25.5,20.5,25.5,1342,1992,55,0.06875,2019-07-21
"Morton",41.8164,-88.0549,2019,203,52531.19921875,14,265.600006103516,0,26,17,1920,21.5,16.5,21.5,1358.5,2013.5,55,0.06875,2019-07-22
"Morton",41.8164,-88.0549,2019,204,52185.6015625,0,403.200012207031,0,25.5,15,1720,20.25,15.25,20.25,1373.75,2033.75,55,0.06875,2019-07-23
"Morton",41.8164,-88.0549,2019,205,52185.6015625,0,432,0,27,15,1720,21,16,21,1389.75,2054.75,55,0.06875,2019-07-24
"Morton",41.8164,-88.0549,2019,206,52185.6015625,0,451.200012207031,0,28,15,1720,21.5,16.5,21.5,1406.25,2076.25,55,0.06875,2019-07-25
"Morton",41.8164,-88.0549,2019,207,51840,0,432,0,29.5,17,1920,23.25,18.25,23.25,1424.5,2099.5,55,0.06875,2019-07-26
"Morton",41.8164,-88.0549,2019,208,51840,0,364.799987792969,0,30,20,2320,25,20,25,1444.5,2124.5,55,0.06875,2019-07-27
"Morton",41.8164,-88.0549,2019,209,51840,0,371.200012207031,0,31.5,21,2480,26.25,21.25,26.25,1465.75,2150.75,55,0.06875,2019-07-28
"Morton",41.8164,-88.0549,2019,210,51494.3984375,5,252.800003051758,0,30,21,2480,25.5,20.5,25.5,1486.25,2176.25,55,0.06875,2019-07-29
"Morton",41.8164,-88.0549,2019,211,51494.3984375,6,294.399993896484,0,27.5,17,1920,22.25,17.25,22.25,1503.5,2198.5,55,0.06875,2019-07-30
"Morton",41.8164,-88.0549,2019,212,51494.3984375,0,425.600006103516,0,26,14.5,1640,20.25,15.25,20.25,1518.75,2218.75,55,0.06875,2019-07-31
"Morton",41.8164,-88.0549,2019,213,51148.80078125,0,464,0,27,13.5,1560,20.25,15.25,20.25,1534,2239,55,0.06875,2019-08-01
"Morton",41.8164,-88.0549,2019,214,51148.80078125,0,467.200012207031,0,28,14,1600,21,16,21,1550,2260,55,0.06875,2019-08-02
"Morton",41.8164,-88.0549,2019,215,51148.80078125,0,464,0,30,15.5,1760,22.75,17.75,22.75,1567.75,2282.75,55,0.06875,2019-08-03
"Morton",41.8164,-88.0549,2019,216,50803.19921875,0,406.399993896484,0,31,19,2200,25,20,25,1587.75,2307.75,55,0.06875,2019-08-04
"Morton",41.8164,-88.0549,2019,217,50803.19921875,0,412.799987792969,0,31.5,19,2200,25.25,20.25,25.25,1608,2333,55,0.06875,2019-08-05
"Morton",41.8164,-88.0549,2019,218,50457.6015625,2,368,0,30,19.5,2280,24.75,19.75,24.75,1627.75,2357.75,55,0.06875,2019-08-06
"Morton",41.8164,-88.0549,2019,219,50457.6015625,0,409.600006103516,0,29.5,17.5,2000,23.5,18.5,23.5,1646.25,2381.25,55,0.06875,2019-08-07
"Morton",41.8164,-88.0549,2019,220,50457.6015625,0,390.399993896484,0,30.5,19,2200,24.75,19.75,24.75,1666,2406,55,0.06875,2019-08-08
"Morton",41.8164,-88.0549,2019,221,50112,0,441.600006103516,0,29,15.5,1760,22.25,17.25,22.25,1683.25,2428.25,55,0.06875,2019-08-09
"Morton",41.8164,-88.0549,2019,222,50112,0,409.600006103516,0,29,17,1920,23,18,23,1701.25,2451.25,55,0.06875,2019-08-10
"Morton",41.8164,-88.0549,2019,223,49766.3984375,4,281.600006103516,0,28.5,18,2080,23.25,18.25,23.25,1719.5,2474.5,55,0.06875,2019-08-11
"Morton",41.8164,-88.0549,2019,224,49766.3984375,3,249.600006103516,0,28,19,2200,23.5,18.5,23.5,1738,2498,55,0.06875,2019-08-12
"Morton",41.8164,-88.0549,2019,225,49420.80078125,11,259.200012207031,0,29,19.5,2280,24.25,19.25,24.25,1757.25,2522.25,55,0.06875,2019-08-13
"Morton",41.8164,-88.0549,2019,226,49420.80078125,3,294.399993896484,0,28.5,17.5,2000,23,18,23,1775.25,2545.25,55,0.06875,2019-08-14
"Morton",41.8164,-88.0549,2019,227,49420.80078125,0,403.200012207031,0,28,16.5,1880,22.25,17.25,22.25,1792.5,2567.5,55,0.06875,2019-08-15
"Morton",41.8164,-88.0549,2019,228,49075.19921875,0,412.799987792969,0,28,16,1800,22,17,22,1809.5,2589.5,55,0.06875,2019-08-16
"Morton",41.8164,-88.0549,2019,229,49075.19921875,0,348.799987792969,0,27.5,18,2080,22.75,17.75,22.75,1827.25,2612.25,55,0.06875,2019-08-17
"Morton",41.8164,-88.0549,2019,230,48729.6015625,22,236.800003051758,0,27.5,19,2200,23.25,18.25,23.25,1845.5,2635.5,55,0.06875,2019-08-18
"Morton",41.8164,-88.0549,2019,231,48729.6015625,35,265.600006103516,0,29,19,2200,24,19,24,1864.5,2659.5,55,0.06875,2019-08-19
"Morton",41.8164,-88.0549,2019,232,48384,4,249.600006103516,0,27.5,18.5,2120,23,18,23,1882.5,2682.5,55,0.06875,2019-08-20
"Morton",41.8164,-88.0549,2019,233,48384,5,262.399993896484,0,26.5,17,1920,21.75,16.75,21.75,1899.25,2704.25,55,0.06875,2019-08-21
"Morton",41.8164,-88.0549,2019,234,48038.3984375,1,361.600006103516,0,27,17,1920,22,17,22,1916.25,2726.25,55,0.06875,2019-08-22
"Morton",41.8164,-88.0549,2019,235,48038.3984375,0,355.200012207031,0,24.5,15,1720,19.75,14.75,19.75,1931,2746,55,0.06875,2019-08-23
"Morton",41.8164,-88.0549,2019,236,47692.80078125,0,384,0,24.5,14,1600,19.25,14.25,19.25,1945.25,2765.25,55,0.06875,2019-08-24
"Morton",41.8164,-88.0549,2019,237,47692.80078125,0,371.200012207031,0,24.5,14.5,1640,19.5,14.5,19.5,1959.75,2784.75,55,0.06875,2019-08-25
"Morton",41.8164,-88.0549,2019,238,47692.80078125,5,243.199996948242,0,24.5,16,1800,20.25,15.25,20.25,1975,2805,55,0.06875,2019-08-26
"Morton",41.8164,-88.0549,2019,239,47347.19921875,28,252.800003051758,0,25.5,16.5,1880,21,16,21,1991,2826,55,0.06875,2019-08-27
"Morton",41.8164,-88.0549,2019,240,47347.19921875,0,400,0,25.5,14,1600,19.75,14.75,19.75,2005.75,2845.75,55,0.06875,2019-08-28
"Morton",41.8164,-88.0549,2019,241,47001.6015625,0,435.200012207031,0,26.5,13,1480,19.75,14.75,19.75,2020.5,2865.5,55,0.06875,2019-08-29
"Morton",41.8164,-88.0549,2019,242,47001.6015625,0,406.399993896484,0,25.5,13.5,1560,19.5,14.5,19.5,2035,2885,55,0.06875,2019-08-30
"Morton",41.8164,-88.0549,2019,243,46656,0,352,0,23.5,14,1600,18.75,13.75,18.75,2048.75,2903.75,55,0.06875,2019-08-31
"Morton",41.8164,-88.0549,2019,244,46656,17,262.399993896484,0,24,14.5,1640,19.25,14.25,19.25,2063,2923,55,0.06875,2019-09-01
"Morton",41.8164,-88.0549,2019,245,46310.3984375,0,364.799987792969,0,25,15,1720,20,15,20,2078,2943,55,0.06875,2019-09-02
"Morton",41.8164,-88.0549,2019,246,46310.3984375,3,272,0,28,17.5,2000,22.75,17.75,22.75,2095.75,2965.75,55,0.06875,2019-09-03
"Morton",41.8164,-88.0549,2019,247,45964.80078125,2,364.799987792969,0,24.5,14.5,1640,19.5,14.5,19.5,2110.25,2985.25,55,0.06875,2019-09-04
"Morton",41.8164,-88.0549,2019,248,45964.80078125,0,380.799987792969,0,22.5,12,1400,17.25,12.25,17.25,2122.5,3002.5,55,0.06875,2019-09-05
"Morton",41.8164,-88.0549,2019,249,45619.19921875,0,339.200012207031,0,23.5,14.5,1640,19,14,19,2136.5,3021.5,55,0.06875,2019-09-06
"Morton",41.8164,-88.0549,2019,250,45619.19921875,0,406.399993896484,0,24,12,1400,18,13,18,2149.5,3039.5,55,0.06875,2019-09-07
"Morton",41.8164,-88.0549,2019,251,45273.6015625,0,326.399993896484,0,22.5,14,1600,18.25,13.25,18.25,2162.75,3057.75,55,0.06875,2019-09-08
"Morton",41.8164,-88.0549,2019,252,45273.6015625,3,185.600006103516,0,21.5,15.5,1760,18.5,13.5,18.5,2176.25,3076.25,55,0.06875,2019-09-09
"Morton",41.8164,-88.0549,2019,253,44928,1,336,0,28,18.5,2120,23.25,18.25,23.25,2194.5,3099.5,55,0.06875,2019-09-10
"Morton",41.8164,-88.0549,2019,254,44928,0,371.200012207031,0,32,20,2320,26,21,26,2215.5,3125.5,55,0.06875,2019-09-11
"Morton",41.8164,-88.0549,2019,255,44582.3984375,7,259.200012207031,0,29.5,19,2200,24.25,19.25,24.25,2234.75,3149.75,55,0.06875,2019-09-12
"Morton",41.8164,-88.0549,2019,256,44582.3984375,27,230.399993896484,0,26,17.5,2000,21.75,16.75,21.75,2251.5,3171.5,55,0.06875,2019-09-13
"Morton",41.8164,-88.0549,2019,257,44236.80078125,0,409.600006103516,0,25.5,12.5,1440,19,14,19,2265.5,3190.5,55,0.06875,2019-09-14
"Morton",41.8164,-88.0549,2019,258,44236.80078125,17,281.600006103516,0,26.5,15,1720,20.75,15.75,20.75,2281.25,3211.25,55,0.06875,2019-09-15
"Morton",41.8164,-88.0549,2019,259,43891.19921875,2,291.200012207031,0,25.5,17.5,2000,21.5,16.5,21.5,2297.75,3232.75,55,0.06875,2019-09-16
"Morton",41.8164,-88.0549,2019,260,43891.19921875,0,326.399993896484,0,26.5,17,1920,21.75,16.75,21.75,2314.5,3254.5,55,0.06875,2019-09-17
"Morton",41.8164,-88.0549,2019,261,43545.6015625,0,355.200012207031,0,27,16,1800,21.5,16.5,21.5,2331,3276,55,0.06875,2019-09-18
"Morton",41.8164,-88.0549,2019,262,43545.6015625,0,377.600006103516,0,28,15.5,1760,21.75,16.75,21.75,2347.75,3297.75,55,0.06875,2019-09-19
"Morton",41.8164,-88.0549,2019,263,43200,3,256,0,28.5,17.5,2000,23,18,23,2365.75,3320.75,55,0.06875,2019-09-20
"Morton",41.8164,-88.0549,2019,264,43200,0,268.799987792969,0,28,20,2320,24,19,24,2384.75,3344.75,55,0.06875,2019-09-21
"Morton",41.8164,-88.0549,2019,265,42854.3984375,15,160,0,25.5,19.5,2280,22.5,17.5,22.5,2402.25,3367.25,55,0.06875,2019-09-22
"Morton",41.8164,-88.0549,2019,266,42854.3984375,22,256,0,24.5,14,1600,19.25,14.25,19.25,2416.5,3386.5,55,0.06875,2019-09-23
"Morton",41.8164,-88.0549,2019,267,42508.80078125,0,368,0,24.5,12.5,1440,18.5,13.5,18.5,2430,3405,55,0.06875,2019-09-24
"Morton",41.8164,-88.0549,2019,268,42508.80078125,3,246.399993896484,0,26,15.5,1760,20.75,15.75,20.75,2445.75,3425.75,55,0.06875,2019-09-25
"Morton",41.8164,-88.0549,2019,269,42163.19921875,0,358.399993896484,0,24.5,12.5,1440,18.5,13.5,18.5,2459.25,3444.25,55,0.06875,2019-09-26
"Morton",41.8164,-88.0549,2019,270,42163.19921875,0,300.799987792969,0,22,13,1480,17.5,12.5,17.5,2471.75,3461.75,55,0.06875,2019-09-27
"Morton",41.8164,-88.0549,2019,271,41817.6015625,45,166.399993896484,0,20,14,1600,17,12,17,2483.75,3478.75,55,0.06875,2019-09-28
"Morton",41.8164,-88.0549,2019,272,41817.6015625,14,128,0,18.5,14,1600,16.25,11.25,16.25,2495,3495,55,0.06875,2019-09-29
"Morton",41.8164,-88.0549,2019,273,41472,2,272,0,24.5,16.5,1880,20.5,15.5,20.5,2510.5,3515.5,55,0.06875,2019-09-30
"Morton",41.8164,-88.0549,2019,274,41472,0,310.399993896484,0,29.5,19,2200,24.25,19.25,24.25,2529.75,3539.75,55,0.06875,2019-10-01
"Morton",41.8164,-88.0549,2019,275,41126.3984375,2,326.399993896484,0,27,16,1800,21.5,16.5,21.5,2546.25,3561.25,55,0.06875,2019-10-02
"Morton",41.8164,-88.0549,2019,276,41126.3984375,34,188.800003051758,0,19,12,1400,15.5,10.5,15.5,2556.75,3576.75,55,0.06875,2019-10-03
"Morton",41.8164,-88.0549,2019,277,40780.80078125,1,336,0,17.5,7,1000,12.25,7.25,12.25,2564,3589,55,0.06875,2019-10-04
"Morton",41.8164,-88.0549,2019,278,40780.80078125,0,304,0,16.5,7.5,1040,12,7,12,2571,3601,55,0.06875,2019-10-05
"Morton",41.8164,-88.0549,2019,279,40435.19921875,8,246.399993896484,0,19,8.5,1120,13.75,8.75,13.75,2579.75,3614.75,55,0.06875,2019-10-06
"Morton",41.8164,-88.0549,2019,280,40435.19921875,0,348.799987792969,0,20,8,1080,14,9,14,2588.75,3628.75,55,0.06875,2019-10-07
"Morton",41.8164,-88.0549,2019,281,40089.6015625,0,371.200012207031,0,21,6.5,960,13.75,8.75,13.75,2597.5,3642.5,55,0.06875,2019-10-08
"Morton",41.8164,-88.0549,2019,282,40089.6015625,0,361.600006103516,0,22,7.5,1040,14.75,9.75,14.75,2607.25,3657.25,55,0.06875,2019-10-09
"Morton",41.8164,-88.0549,2019,283,39744,0,332.799987792969,0,22,9.5,1200,15.75,10.75,15.75,2618,3673,55,0.06875,2019-10-10
"Morton",41.8164,-88.0549,2019,284,39744,9,249.600006103516,0,20.5,8,1080,14.25,9.25,14.25,2627.25,3687.25,55,0.06875,2019-10-11
"Morton",41.8164,-88.0549,2019,285,39398.3984375,15,265.600006103516,0,15.5,2,720,8.75,3.75,8.75,2631,3696,55,0.06875,2019-10-12
"Morton",41.8164,-88.0549,2019,286,39398.3984375,0,332.799987792969,0,13,1,640,7,2,7,2633,3703,55,0.06875,2019-10-13
"Morton",41.8164,-88.0549,2019,287,39052.80078125,0,304,0,12.5,2,720,7.25,2.25,7.25,2635.25,3710.25,55,0.06875,2019-10-14
"Morton",41.8164,-88.0549,2019,288,39052.80078125,0,323.200012207031,0,15,3,760,9,4,9,2639.25,3719.25,55,0.06875,2019-10-15
"Morton",41.8164,-88.0549,2019,289,38707.19921875,1,284.799987792969,0,15,5,880,10,5,10,2644.25,3729.25,55,0.06875,2019-10-16
"Morton",41.8164,-88.0549,2019,290,38707.19921875,0,265.600006103516,0,12.5,3.5,800,8,3,8,2647.25,3737.25,55,0.06875,2019-10-17
"Morton",41.8164,-88.0549,2019,291,38707.19921875,0,313.600006103516,0,14,2,720,8,3,8,2650.25,3745.25,55,0.06875,2019-10-18
"Morton",41.8164,-88.0549,2019,292,38361.6015625,0,323.200012207031,0,17.5,4,800,10.75,5.75,10.75,2656,3756,55,0.06875,2019-10-19
"Morton",41.8164,-88.0549,2019,293,38361.6015625,0,297.600006103516,0,19,7,1000,13,8,13,2664,3769,55,0.06875,2019-10-20
"Morton",41.8164,-88.0549,2019,294,38016,0,262.399993896484,0,19,9,1160,14,9,14,2673,3783,55,0.06875,2019-10-21
"Morton",41.8164,-88.0549,2019,295,38016,2,214.399993896484,0,14.5,7,1000,10.75,5.75,10.75,2678.75,3793.75,55,0.06875,2019-10-22
"Morton",41.8164,-88.0549,2019,296,37670.3984375,1,265.600006103516,0,13,3,760,8,3,8,2681.75,3801.75,55,0.06875,2019-10-23
"Morton",41.8164,-88.0549,2019,297,37670.3984375,1,246.399993896484,0,12.5,3.5,800,8,3,8,2684.75,3809.75,55,0.06875,2019-10-24
"Morton",41.8164,-88.0549,2019,298,37324.80078125,0,192,0,10,3.5,800,6.75,1.75,6.75,2686.5,3816.5,55,0.06875,2019-10-25
"Morton",41.8164,-88.0549,2019,299,37324.80078125,0,227.199996948242,0,9.5,1.5,680,5.5,0.5,5.5,2687,3822,55,0.06875,2019-10-26
"Morton",41.8164,-88.0549,2019,300,36979.19921875,65,176,0,11.5,3,760,7.25,2.25,7.25,2689.25,3829.25,55,0.06875,2019-10-27
"Morton",41.8164,-88.0549,2019,301,36979.19921875,0,240,0,12.5,3.5,800,8,3,8,2692.25,3837.25,55,0.06875,2019-10-28
"Morton",41.8164,-88.0549,2019,302,36979.19921875,5,147.199996948242,0,8.5,1.5,680,5,0,5,2692.25,3842.25,55,0.06875,2019-10-29
"Morton",41.8164,-88.0549,2019,303,36633.6015625,15,121.599998474121,0,5,-0.5,600,2.25,0,2.25,2692.25,3844.5,55,0.06875,2019-10-30
"Morton",41.8164,-88.0549,2019,304,36633.6015625,14,121.599998474121,0,3,-2.5,520,0.25,0,0.25,2692.25,3844.75,55,0.06875,2019-10-31
"Morton",41.8164,-88.0549,2019,305,36288,5,201.600006103516,4,3,-6,400,-1.5,0,0,2692.25,3844.75,56,0.06875,2019-11-01
"Morton",41.8164,-88.0549,2019,306,36288,0,262.399993896484,4,6,-3,480,1.5,0,1.5,2692.25,3846.25,56,0.06875,2019-11-02
"Morton",41.8164,-88.0549,2019,307,35942.3984375,0,284.799987792969,4,8.5,-2,520,3.25,0,3.25,2692.25,3849.5,56,0.06875,2019-11-03
"Morton",41.8164,-88.0549,2019,308,35942.3984375,0,249.600006103516,0,11.5,1,640,6.25,1.25,6.25,2693.5,3855.75,56,0.06875,2019-11-04
"Morton",41.8164,-88.0549,2019,309,35942.3984375,0,243.199996948242,0,8.5,-1.5,560,3.5,0,3.5,2693.5,3859.25,56,0.06875,2019-11-05
"Morton",41.8164,-88.0549,2019,310,35596.80078125,0,252.800003051758,0,9,-2,520,3.5,0,3.5,2693.5,3862.75,56,0.06875,2019-11-06
"Morton",41.8164,-88.0549,2019,311,35596.80078125,0,262.399993896484,0,6.5,-5,440,0.75,0,0.75,2693.5,3863.5,56,0.06875,2019-11-07
"Morton",41.8164,-88.0549,2019,312,35251.19921875,0,236.800003051758,0,0,-9.5,280,-4.75,0,0,2693.5,3863.5,57,0.06875,2019-11-08
"Morton",41.8164,-88.0549,2019,313,35251.19921875,0,240,0,4,-6,400,-1,0,0,2693.5,3863.5,58,0.06875,2019-11-09
"Morton",41.8164,-88.0549,2019,314,35251.19921875,0,195.199996948242,0,7,-0.5,600,3.25,0,3.25,2693.5,3866.75,58,0.06875,2019-11-10
"Morton",41.8164,-88.0549,2019,315,34905.6015625,6,211.199996948242,8,3.5,-7.5,360,-2,0,0,2693.5,3866.75,59,0.06875,2019-11-11
"Morton",41.8164,-88.0549,2019,316,34905.6015625,2,243.199996948242,8,-5.5,-14,200,-9.75,0,0,2693.5,3866.75,60,0.06875,2019-11-12
"Morton",41.8164,-88.0549,2019,317,34905.6015625,0,252.800003051758,8,-5,-14,200,-9.5,0,0,2693.5,3866.75,61,0.06875,2019-11-13
"Morton",41.8164,-88.0549,2019,318,34560,0,185.600006103516,8,-2,-8,320,-5,0,0,2693.5,3866.75,62,0.06875,2019-11-14
"Morton",41.8164,-88.0549,2019,319,34560,0,240,8,1,-7.5,360,-3.25,0,0,2693.5,3866.75,63,0.06875,2019-11-15
"Morton",41.8164,-88.0549,2019,320,34560,0,252.800003051758,8,4,-5.5,400,-0.75,0,0,2693.5,3866.75,64,0.06875,2019-11-16
"Morton",41.8164,-88.0549,2019,321,34214.3984375,0,243.199996948242,8,5,-4,440,0.5,0,0.5,2693.5,3867.25,64,0.06875,2019-11-17
"Morton",41.8164,-88.0549,2019,322,34214.3984375,1,179.199996948242,4,5,-1,560,2,0,2,2693.5,3869.25,64,0.06875,2019-11-18
"Morton",41.8164,-88.0549,2019,323,34214.3984375,0,112,4,4,0.5,640,2.25,0,2.25,2693.5,3871.5,64,0.06875,2019-11-19
"Morton",41.8164,-88.0549,2019,324,33868.80078125,1,137.600006103516,0,6.5,1.5,680,4,0,4,2693.5,3875.5,64,0.06875,2019-11-20
"Morton",41.8164,-88.0549,2019,325,33868.80078125,15,147.199996948242,0,10.5,2.5,720,6.5,1.5,6.5,2695,3882,64,0.06875,2019-11-21
"Morton",41.8164,-88.0549,2019,326,33868.80078125,0,220.800003051758,0,7.5,-2,520,2.75,0,2.75,2695,3884.75,64,0.06875,2019-11-22
"Morton",41.8164,-88.0549,2019,327,33523.19921875,0,208,0,4,-4.5,440,-0.25,0,0,2695,3884.75,65,0.06875,2019-11-23
"Morton",41.8164,-88.0549,2019,328,33523.19921875,0,214.399993896484,0,7.5,-2,520,2.75,0,2.75,2695,3887.5,65,0.06875,2019-11-24
"Morton",41.8164,-88.0549,2019,329,33523.19921875,0,227.199996948242,0,11.5,0.5,640,6,1,6,2696,3893.5,65,0.06875,2019-11-25
"Morton",41.8164,-88.0549,2019,330,33523.19921875,0,240,0,11.5,-1.5,560,5,0,5,2696,3898.5,65,0.06875,2019-11-26
"Morton",41.8164,-88.0549,2019,331,33177.6015625,15,169.600006103516,0,12.5,0.5,640,6.5,1.5,6.5,2697.5,3905,65,0.06875,2019-11-27
"Morton",41.8164,-88.0549,2019,332,33177.6015625,0,137.600006103516,0,4.5,-1,560,1.75,0,1.75,2697.5,3906.75,65,0.06875,2019-11-28
"Morton",41.8164,-88.0549,2019,333,33177.6015625,1,92.8000030517578,0,3.5,0,600,1.75,0,1.75,2697.5,3908.5,65,0.06875,2019-11-29
"Morton",41.8164,-88.0549,2019,334,33177.6015625,3,51.2000007629395,0,4,1.5,680,2.75,0,2.75,2697.5,3911.25,65,0.06875,2019-11-30
"Morton",41.8164,-88.0549,2019,335,32832,9,86.4000015258789,0,5,0.5,640,2.75,0,2.75,2697.5,3914,65,0.06875,2019-12-01
"Morton",41.8164,-88.0549,2019,336,32832,4,96,0,3,-2,520,0.5,0,0.5,2697.5,3914.5,65,0.06875,2019-12-02
"Morton",41.8164,-88.0549,2019,337,32832,0,131.199996948242,0,2.5,-2.5,520,0,0,0,2697.5,3914.5,65,0.06875,2019-12-03
"Morton",41.8164,-88.0549,2019,338,32832,0,169.600006103516,0,5,-2,520,1.5,0,1.5,2697.5,3916,65,0.06875,2019-12-04
"Morton",41.8164,-88.0549,2019,339,32832,0,220.800003051758,0,7,-4,440,1.5,0,1.5,2697.5,3917.5,65,0.06875,2019-12-05
"Morton",41.8164,-88.0549,2019,340,32832,0,214.399993896484,0,6.5,-4,440,1.25,0,1.25,2697.5,3918.75,65,0.06875,2019-12-06
"Morton",41.8164,-88.0549,2019,341,32486.400390625,0,204.800003051758,0,4,-5.5,400,-0.75,0,0,2697.5,3918.75,66,0.06875,2019-12-07
"Morton",41.8164,-88.0549,2019,342,32486.400390625,0,176,0,5.5,-2,520,1.75,0,1.75,2697.5,3920.5,66,0.06875,2019-12-08
"Morton",41.8164,-88.0549,2019,343,32486.400390625,1,201.600006103516,0,8,-1.5,560,3.25,0,3.25,2697.5,3923.75,66,0.06875,2019-12-09
"Morton",41.8164,-88.0549,2019,344,32486.400390625,0,224,0,2,-10,280,-4,0,0,2697.5,3923.75,67,0.06875,2019-12-10
"Morton",41.8164,-88.0549,2019,345,32486.400390625,0,163.199996948242,0,-4.5,-11,280,-7.75,0,0,2697.5,3923.75,68,0.06875,2019-12-11
"Morton",41.8164,-88.0549,2019,346,32486.400390625,0,217.600006103516,0,2,-9,320,-3.5,0,0,2697.5,3923.75,69,0.06875,2019-12-12
"Morton",41.8164,-88.0549,2019,347,32486.400390625,0,192,0,6.5,-2.5,520,2,0,2,2697.5,3925.75,69,0.06875,2019-12-13
"Morton",41.8164,-88.0549,2019,348,32486.400390625,0,179.199996948242,0,4.5,-3.5,480,0.5,0,0.5,2697.5,3926.25,69,0.06875,2019-12-14
"Morton",41.8164,-88.0549,2019,349,32140.80078125,0,150.399993896484,0,-1.5,-7.5,360,-4.5,0,0,2697.5,3926.25,70,0.06875,2019-12-15
"Morton",41.8164,-88.0549,2019,350,32140.80078125,1,144,0,-1.5,-6.5,360,-4,0,0,2697.5,3926.25,71,0.06875,2019-12-16
"Morton",41.8164,-88.0549,2019,351,32140.80078125,0,198.399993896484,0,-1,-8.5,320,-4.75,0,0,2697.5,3926.25,72,0.06875,2019-12-17
"Morton",41.8164,-88.0549,2019,352,32140.80078125,0,220.800003051758,0,-2.5,-11.5,240,-7,0,0,2697.5,3926.25,73,0.06875,2019-12-18
"Morton",41.8164,-88.0549,2019,353,32140.80078125,0,217.600006103516,0,-2,-11,280,-6.5,0,0,2697.5,3926.25,74,0.06875,2019-12-19
"Morton",41.8164,-88.0549,2019,354,32140.80078125,0,230.399993896484,0,3,-7.5,360,-2.25,0,0,2697.5,3926.25,75,0.06875,2019-12-20
"Morton",41.8164,-88.0549,2019,355,32140.80078125,0,227.199996948242,0,6,-4.5,440,0.75,0,0.75,2697.5,3927,75,0.06875,2019-12-21
"Morton",41.8164,-88.0549,2019,356,32140.80078125,0,211.199996948242,0,9.5,-2,520,3.75,0,3.75,2697.5,3930.75,75,0.06875,2019-12-22
"Morton",41.8164,-88.0549,2019,357,32140.80078125,0,204.800003051758,0,10.5,-0.5,600,5,0,5,2697.5,3935.75,75,0.06875,2019-12-23
"Morton",41.8164,-88.0549,2019,358,32140.80078125,0,217.600006103516,0,11,-2,520,4.5,0,4.5,2697.5,3940.25,75,0.06875,2019-12-24
"Morton",41.8164,-88.0549,2019,359,32140.80078125,0,214.399993896484,0,13.5,0.5,640,7,2,7,2699.5,3947.25,75,0.06875,2019-12-25
"Morton",41.8164,-88.0549,2019,360,32140.80078125,0,214.399993896484,0,15.5,2.5,720,9,4,9,2703.5,3956.25,75,0.06875,2019-12-26
"Morton",41.8164,-88.0549,2019,361,32486.400390625,0,201.600006103516,0,10,-0.5,600,4.75,0,4.75,2703.5,3961,75,0.06875,2019-12-27
"Morton",41.8164,-88.0549,2019,362,32486.400390625,0,198.399993896484,0,6.5,-3.5,480,1.5,0,1.5,2703.5,3962.5,75,0.06875,2019-12-28
"Morton",41.8164,-88.0549,2019,363,32486.400390625,21,150.399993896484,0,14,3,760,8.5,3.5,8.5,2707,3971,75,0.06875,2019-12-29
"Morton",41.8164,-88.0549,2019,364,32486.400390625,13,153.600006103516,0,10.5,-1,560,4.75,0,4.75,2707,3975.75,75,0.06875,2019-12-30
"Morton",41.8164,-88.0549,2019,365,32486.400390625,3,70.4000015258789,0,-0.5,-4.5,440,-2.5,0,0,2707,3975.75,76,0.06875,2019-12-31
