"Species","PlantNumber","Year","Date","Latitude","Longitude","Yday"
"Quercus palustris","1038-65*1",2018,2018-05-04,41.8164,-88.0549,124
"Quercus jackiana","1089-39*1",2018,2018-05-04,41.8164,-88.0549,124
"Quercus phellos","109-74*1",2018,2018-05-07,41.8164,-88.0549,127
"Quercus marilandica","1134-2004*5",2018,2018-05-02,41.8164,-88.0549,122
"Quercus fernowii","1140-2004*1",2018,2018-05-02,41.8164,-88.0549,122
"Quercus fernowii","1140-2004*4",2018,2018-05-02,41.8164,-88.0549,122
"Quercus fernowii","1140-2004*5",2018,2018-05-02,41.8164,-88.0549,122
"Quercus palustris","1164-22*5",2018,2018-05-04,41.8164,-88.0549,124
"Quercus palustris","1164-22*6",2018,2018-05-04,41.8164,-88.0549,124
"Quercus imbricaria","1183-2004*1",2018,2018-05-02,41.8164,-88.0549,122
"Quercus imbricaria","1183-2004*2",2018,2018-05-02,41.8164,-88.0549,122
"Quercus palustris","1186-2004*1",2018,2018-05-02,41.8164,-88.0549,122
"Quercus palustris","1186-2004*2",2018,2018-05-02,41.8164,-88.0549,122
"Quercus palustris","1186-2004*3",2018,2018-05-02,41.8164,-88.0549,122
"Quercus deamii","1258-26*3",2018,2018-05-02,41.8164,-88.0549,122
"Quercus macrocarpa","1261-26*1",2018,2018-05-02,41.8164,-88.0549,122
"Quercus macrocarpa","1261-26*2",2018,2018-04-30,41.8164,-88.0549,120
"Quercus palustris","13-35*1",2018,2018-05-02,41.8164,-88.0549,122
"Quercus macrocarpa","132-2015*1",2018,2018-05-04,41.8164,-88.0549,124
"Quercus alba","134-U*6",2018,2018-05-02,41.8164,-88.0549,122
"Quercus alba","134-U*60",2018,2018-05-04,41.8164,-88.0549,124
"Quercus alba","134-U*61",2018,2018-05-04,41.8164,-88.0549,124
"Quercus alba","134-U*66",2018,2018-05-02,41.8164,-88.0549,122
"Quercus alba","134-U*67",2018,2018-05-02,41.8164,-88.0549,122
"Quercus macrocarpa","138-U*4",2018,2018-05-02,41.8164,-88.0549,122
"Quercus macrocarpa","138-U*6",2018,2018-05-07,41.8164,-88.0549,127
"Quercus macrocarpa","138-U*7",2018,2018-05-06,41.8164,-88.0549,126
"Quercus palustris","139-U*3",2018,2018-05-04,41.8164,-88.0549,124
"Quercus montana","140-U*1",2018,2018-05-04,41.8164,-88.0549,124
"Quercus gambelii","145-75*1",2018,2018-05-02,41.8164,-88.0549,122
"Quercus gambelii","145-75*2",2018,2018-05-02,41.8164,-88.0549,122
"Quercus gambelii","145-75*8",2018,2018-05-02,41.8164,-88.0549,122
"Quercus imbricaria","1512-35*2",2018,2018-05-12,41.8164,-88.0549,132
"Quercus imbricaria","1512-35*3",2018,2018-05-06,41.8164,-88.0549,126
"Quercus shumardii","1513-35*1",2018,2018-05-04,41.8164,-88.0549,124
"Quercus shumardii","1513-35*4",2018,2018-04-30,41.8164,-88.0549,120
"Quercus shumardii","1513-35*5",2018,2018-05-06,41.8164,-88.0549,126
"Quercus macrocarpa","1516-35*1",2018,2018-05-02,41.8164,-88.0549,122
"Quercus fernowii","1643-35*1",2018,2018-05-04,41.8164,-88.0549,124
"Quercus lyrata","179-95*1",2018,2018-05-15,41.8164,-88.0549,135
"Quercus lusitanica","18-2011*1",2018,2018-05-14,41.8164,-88.0549,134
"Quercus lusitanica","18-2011*3",2018,2018-05-14,41.8164,-88.0549,134
"Quercus castaneifolia","18-2012*1",2018,2018-05-02,41.8164,-88.0549,122
"Quercus robur","180-93*7",2018,2018-05-07,41.8164,-88.0549,127
"Quercus robur","180-93*8",2018,2018-05-07,41.8164,-88.0549,127
"Quercus robur","180-93*9",2018,2018-05-07,41.8164,-88.0549,127
"Quercus velutina","185-92*2",2018,2018-05-07,41.8164,-88.0549,127
"Quercus velutina","185-92*4",2018,2018-05-04,41.8164,-88.0549,124
"Quercus velutina","185-92*5",2018,2018-05-04,41.8164,-88.0549,124
"Quercus variabilis","19-2003*1",2018,2018-05-13,41.8164,-88.0549,133
"Quercus variabilis","19-2003*2",2018,2018-05-13,41.8164,-88.0549,133
"Quercus macranthera","19-2012*1",2018,2018-05-02,41.8164,-88.0549,122
"Quercus pyrenaica","200-99*1",2018,2018-05-23,41.8164,-88.0549,143
"Quercus ellipsoidalis","204-92*1",2018,2018-05-02,41.8164,-88.0549,122
"Quercus ellipsoidalis","204-92*2",2018,2018-05-02,41.8164,-88.0549,122
"Quercus ellipsoidalis","204-92*3",2018,2018-05-07,41.8164,-88.0549,127
"Quercus ellipsoidalis","204-92*4",2018,2018-05-04,41.8164,-88.0549,124
"Quercus robur","212-30*1",2018,2018-05-07,41.8164,-88.0549,127
"Quercus stellata","212-91*1",2018,2018-05-07,41.8164,-88.0549,127
"Quercus stellata","212-91*2",2018,2018-05-07,41.8164,-88.0549,127
"Quercus stellata","212-91*3",2018,2018-05-07,41.8164,-88.0549,127
"Quercus bicolor","214-91*1",2018,2018-05-06,41.8164,-88.0549,126
"Quercus bicolor","214-91*2",2018,2018-05-07,41.8164,-88.0549,127
"Quercus bicolor","214-91*3",2018,2018-05-07,41.8164,-88.0549,127
"Quercus muehlenbergii","215-91*1",2018,2018-05-06,41.8164,-88.0549,126
"Quercus muehlenbergii","215-91*2",2018,2018-05-06,41.8164,-88.0549,126
"Quercus alba","239-42*2",2018,2018-05-02,41.8164,-88.0549,122
"Quercus macrocarpa","2390-26*1",2018,2018-05-02,41.8164,-88.0549,122
"Quercus montana","256-42*1",2018,2018-05-06,41.8164,-88.0549,126
"Quercus marilandica","258-95*1",2018,2018-05-07,41.8164,-88.0549,127
"Quercus ilicifolia","260-93*1",2018,2018-05-02,41.8164,-88.0549,122
"Quercus ilicifolia","260-93*2",2018,2018-05-02,41.8164,-88.0549,122
"Quercus pubescens","27-2007*1",2018,2018-05-02,41.8164,-88.0549,122
"Quercus hartwissiana","27-95*3",2018,2018-05-07,41.8164,-88.0549,127
"Quercus dalechampii","286-97*1",2018,2018-05-04,41.8164,-88.0549,124
"Quercus dalechampii","286-97*2",2018,2018-05-04,41.8164,-88.0549,124
"Quercus macrocarpa","297-2002*1",2018,2018-05-02,41.8164,-88.0549,122
"Quercus deamii","3-2008*1",2018,2018-05-02,41.8164,-88.0549,122
"Quercus deamii","3-2008*2",2018,2018-05-02,41.8164,-88.0549,122
"Quercus alba","304-94*1",2018,2018-05-06,41.8164,-88.0549,126
"Quercus alba","304-94*2",2018,2018-05-06,41.8164,-88.0549,126
"Quercus marilandica","305-94*1",2018,2018-05-07,41.8164,-88.0549,127
"Quercus marilandica","305-94*2",2018,2018-05-04,41.8164,-88.0549,124
"Quercus marilandica","305-94*3",2018,2018-05-11,41.8164,-88.0549,131
"Quercus marilandica","305-94*4",2018,2018-05-11,41.8164,-88.0549,131
"Quercus prinoides","326-99*2",2018,2018-05-02,41.8164,-88.0549,122
"Quercus mongolica","333-94*4",2018,2018-05-02,41.8164,-88.0549,122
"Quercus mongolica","333-94*5",2018,2018-05-02,41.8164,-88.0549,122
"Quercus variabilis","339-2002*3",2018,2018-05-10,41.8164,-88.0549,130
"Quercus variabilis","339-2002*4",2018,2018-05-10,41.8164,-88.0549,130
"Quercus serrata","34-2003*1",2018,2018-05-02,41.8164,-88.0549,122
"Quercus aliena","340-2002*1",2018,2018-05-02,41.8164,-88.0549,122
"Quercus aliena","340-2002*2",2018,2018-05-02,41.8164,-88.0549,122
"Quercus variabilis","343-2002*5",2018,2018-05-09,41.8164,-88.0549,129
"Quercus rubra","354-37*1",2018,2018-05-02,41.8164,-88.0549,122
"Quercus marilandica","362-96*2",2018,2018-05-04,41.8164,-88.0549,124
"Quercus marilandica","362-96*7",2018,2018-05-06,41.8164,-88.0549,126
"Quercus marilandica","362-96*8",2018,2018-05-06,41.8164,-88.0549,126
"Quercus marilandica","362-96*9",2018,2018-05-06,41.8164,-88.0549,126
"Quercus prinoides","365-2007*3",2018,2018-05-11,41.8164,-88.0549,131
"Quercus prinoides","365-2007*4",2018,2018-05-11,41.8164,-88.0549,131
"Quercus prinoides","365-2007*7",2018,2018-05-31,41.8164,-88.0549,151
"Quercus prinoides","365-2007*8",2018,2018-05-11,41.8164,-88.0549,131
"Quercus aliena","392-2011*1",2018,2018-05-02,41.8164,-88.0549,122
"Quercus aliena","392-2011*2",2018,2018-05-02,41.8164,-88.0549,122
"Quercus aliena","392-2011*3",2018,2018-05-02,41.8164,-88.0549,122
"Quercus dentata","4-2008*1",2018,2018-05-10,41.8164,-88.0549,130
"Quercus dentata","4-2008*2",2018,2018-05-02,41.8164,-88.0549,122
"Quercus dentata","4-2008*3",2018,2018-05-10,41.8164,-88.0549,130
"Quercus dentata","4-2008*4",2018,2018-05-10,41.8164,-88.0549,130
"Quercus macrocarpa","4-35*1",2018,2018-05-07,41.8164,-88.0549,127
"Quercus sternbergii","401-2008*1",2018,2018-05-02,41.8164,-88.0549,122
"Quercus mongolica","403-97*1",2018,2018-04-28,41.8164,-88.0549,118
"Quercus mongolica","403-97*2",2018,2018-05-06,41.8164,-88.0549,126
"Quercus buckleyi","417-45*1",2018,2018-05-02,41.8164,-88.0549,122
"Quercus coccinea","435-2004*1",2018,2018-05-04,41.8164,-88.0549,124
"Quercus ellipsoidalis","437-2004*2",2018,2018-05-02,41.8164,-88.0549,122
"Quercus ellipsoidalis","437-2004*3",2018,2018-05-02,41.8164,-88.0549,122
"Quercus bebbiana","441-42*1",2018,2018-05-02,41.8164,-88.0549,122
"Quercus acutissima","463-55*3",2018,2018-05-09,41.8164,-88.0549,129
"Quercus acutissima","463-55*4",2018,2018-05-09,41.8164,-88.0549,129
"Quercus montana","465-37*1",2018,2018-05-02,41.8164,-88.0549,122
"Quercus jackiana","471-42*1",2018,2018-05-07,41.8164,-88.0549,127
"Quercus jackiana","471-42*2",2018,2018-05-07,41.8164,-88.0549,127
"Quercus jackiana","471-42*3",2018,2018-05-07,41.8164,-88.0549,127
"Quercus michauxii","476-42*1",2018,2018-05-02,41.8164,-88.0549,122
"Quercus georgiana","49-2002*1",2018,2018-05-02,41.8164,-88.0549,122
"Quercus georgiana","49-2002*4",2018,2018-05-04,41.8164,-88.0549,124
"Quercus georgiana","49-2002*5",2018,2018-05-04,41.8164,-88.0549,124
"Quercus petraea","498-2005*1",2018,2018-05-13,41.8164,-88.0549,133
"Quercus petraea","498-2005*2",2018,2018-05-13,41.8164,-88.0549,133
"Quercus velutina","50-2004*1",2018,2018-05-02,41.8164,-88.0549,122
"Quercus exacta","501-36*1",2018,2018-05-02,41.8164,-88.0549,122
"Quercus runcinata","502-36*1",2018,2018-05-02,41.8164,-88.0549,122
"Quercus bicolor","513-25*1",2018,2018-05-04,41.8164,-88.0549,124
"Quercus lyrata","517-2000*2",2018,2018-05-18,41.8164,-88.0549,138
"Quercus imbricaria","523-32*1",2018,2018-05-07,41.8164,-88.0549,127
"Quercus muehlenbergii","528-99*1",2018,2018-05-02,41.8164,-88.0549,122
"Quercus michauxii","539-96*3",2018,2018-05-02,41.8164,-88.0549,122
"Quercus shumardii","540-96*2",2018,2018-05-02,41.8164,-88.0549,122
"Quercus shumardii","540-96*3",2018,2018-05-04,41.8164,-88.0549,124
"Quercus shumardii","540-96*4",2018,2018-05-04,41.8164,-88.0549,124
"Quercus guadalupensis","544-2006*1",2018,2018-05-04,41.8164,-88.0549,124
"Quercus guadalupensis","544-2006*2",2018,2018-05-04,41.8164,-88.0549,124
"Quercus guadalupensis","544-2006*3",2018,2018-05-04,41.8164,-88.0549,124
"Quercus palustris","573-40*7",2018,2018-05-02,41.8164,-88.0549,122
"Quercus palustris","573-40*8",2018,2018-05-02,41.8164,-88.0549,122
"Quercus shumardii","575-40*2",2018,2018-05-04,41.8164,-88.0549,124
"Quercus saulii","580-32*2",2018,2018-05-02,41.8164,-88.0549,122
"Quercus montana","602-2000*1",2018,2018-05-04,41.8164,-88.0549,124
"Quercus montana","602-2000*2",2018,2018-05-04,41.8164,-88.0549,124
"Quercus montana","602-2000*3",2018,2018-05-04,41.8164,-88.0549,124
"Quercus montana","606-2000*2",2018,2018-05-02,41.8164,-88.0549,122
"Quercus montana","606-2000*3",2018,2018-05-02,41.8164,-88.0549,122
"Quercus montana","606-2000*4",2018,2018-05-02,41.8164,-88.0549,122
"Quercus rubra","64-92*1",2018,2018-05-02,41.8164,-88.0549,122
"Quercus acutissima","644-33*1",2018,2018-05-02,41.8164,-88.0549,122
"Quercus michauxii","645-48*1",2018,2018-05-04,41.8164,-88.0549,124
"Quercus serrata","65-2008*1",2018,2018-05-02,41.8164,-88.0549,122
"Quercus muehlenbergii","65-92*1",2018,2018-05-02,41.8164,-88.0549,122
"Quercus muehlenbergii","65-92*2",2018,2018-05-02,41.8164,-88.0549,122
"Quercus jackiana","654-32*1",2018,2018-05-07,41.8164,-88.0549,127
"Quercus subfalcata","656-32*1",2018,2018-05-02,41.8164,-88.0549,122
"Quercus montana","657-33*1",2018,2018-05-04,41.8164,-88.0549,124
"Quercus muehlenbergii","661-32*1",2018,2018-05-04,41.8164,-88.0549,124
"Quercus alba","684-33*1",2018,2018-05-02,41.8164,-88.0549,122
"Quercus jackiana","685-33*1",2018,2018-05-02,41.8164,-88.0549,122
"Quercus macrocarpa","696-2006*4",2018,2018-05-04,41.8164,-88.0549,124
"Quercus macrocarpa","696-2006*7",2018,2018-05-09,41.8164,-88.0549,129
"Quercus macrocarpa","696-2006*8",2018,2018-05-02,41.8164,-88.0549,122
"Quercus macrocarpa","696-2006*9",2018,2018-05-02,41.8164,-88.0549,122
"Quercus bebbiana","697-57*1",2018,2018-05-07,41.8164,-88.0549,127
"Quercus pagoda","700-46*1",2018,2018-04-30,41.8164,-88.0549,120
"Quercus pagoda","700-46*2",2018,2018-04-30,41.8164,-88.0549,120
"Quercus robur","701-57*1",2018,2018-05-04,41.8164,-88.0549,124
"Quercus macrocarpa","702-2006*1",2018,2018-05-02,41.8164,-88.0549,122
"Quercus macrocarpa","702-2006*2",2018,2018-05-02,41.8164,-88.0549,122
"Quercus macrocarpa","704-2006*1",2018,2018-05-02,41.8164,-88.0549,122
"Quercus muehlenbergii","704-46*2",2018,2018-05-06,41.8164,-88.0549,126
"Quercus muehlenbergii","704-46*3",2018,2018-05-06,41.8164,-88.0549,126
"Quercus muehlenbergii","704-46*4",2018,2018-05-06,41.8164,-88.0549,126
"Quercus bebbiana","706-72*2",2018,2018-05-07,41.8164,-88.0549,127
"Quercus warei","707-2006*1",2018,2018-05-02,41.8164,-88.0549,122
"Quercus acutissima","74-2002*4",2018,2018-03-29,41.8164,-88.0549,88
"Quercus prinoides","742-51*1",2018,2018-05-02,41.8164,-88.0549,122
"Quercus prinoides","742-51*2",2018,2018-05-02,41.8164,-88.0549,122
"Quercus prinoides","742-51*4",2018,2018-05-02,41.8164,-88.0549,122
"Quercus bebbiana","749-34*1",2018,2018-05-02,41.8164,-88.0549,122
"Quercus macrocarpa","752-34*2",2018,2018-04-30,41.8164,-88.0549,120
"Quercus macrocarpa","752-34*4",2018,2018-04-30,41.8164,-88.0549,120
"Quercus prinoides","768-54*1",2018,2018-05-10,41.8164,-88.0549,130
"Quercus prinoides","768-54*2",2018,2018-05-10,41.8164,-88.0549,130
"Quercus prinoides","768-54*4",2018,2018-05-02,41.8164,-88.0549,122
"Quercus prinoides","768-54*5",2018,2018-05-10,41.8164,-88.0549,130
"Quercus acutissima","797-53*3",2018,2018-05-10,41.8164,-88.0549,130
"Quercus macrocarpa","808-51*1",2018,2018-05-07,41.8164,-88.0549,127
"Quercus mongolica","852-2005*1",2018,2018-05-02,41.8164,-88.0549,122
"Quercus mongolica","852-2005*5",2018,2018-05-13,41.8164,-88.0549,133
"Quercus mongolica","852-2005*6",2018,2018-05-02,41.8164,-88.0549,122
"Quercus mongolica","852-2005*7",2018,2018-05-04,41.8164,-88.0549,124
"Quercus alba","862-34*1",2018,2018-05-02,41.8164,-88.0549,122
"Quercus schuettei","863-34*1",2018,2018-05-07,41.8164,-88.0549,127
"Quercus baronii","903*2005*4",2018,2018-05-09,41.8164,-88.0549,129
"Quercus schuettei","928-62*1",2018,2018-04-28,41.8164,-88.0549,118
"Quercus macrocarpa","138-U*14",2018,2018-05-28,41.8164,-88.0549,148
"Quercus macrocarpa","2390-26 *1",2018,2018-05-07,41.8164,-88.0549,127
"Quercus bebbiana","422-48*1",2018,2018-05-02,41.8164,-88.0549,122
"Quercus rubra","466-37*1",2018,2018-05-04,41.8164,-88.0549,124
"Quercus palustris","1038-65*1",2019,2019-04-29,41.8164,-88.0549,119
"Quercus jackiana","1089-39*1",2019,2019-05-08,41.8164,-88.0549,128
"Quercus phellos","109-74*1",2019,2019-05-06,41.8164,-88.0549,126
"Quercus lyrata","1133-2004*1",2019,2019-05-06,41.8164,-88.0549,126
"Quercus marilandica","1134-2004*5",2019,2019-04-16,41.8164,-88.0549,106
"Quercus fernowii","1140-2004*1",2019,2019-04-23,41.8164,-88.0549,113
"Quercus fernowii","1140-2004*4",2019,2019-04-23,41.8164,-88.0549,113
"Quercus fernowii","1140-2004*5",2019,2019-04-23,41.8164,-88.0549,113
"Quercus palustris","1164-22*5",2019,2019-04-29,41.8164,-88.0549,119
"Quercus palustris","1164-22*6",2019,2019-04-29,41.8164,-88.0549,119
"Quercus coccinea","1173-2004*4",2019,2019-04-29,41.8164,-88.0549,119
"Quercus coccinea","1173-2004*5",2019,2019-04-22,41.8164,-88.0549,112
"Quercus imbricaria","1183-2004*1",2019,2019-04-22,41.8164,-88.0549,112
"Quercus imbricaria","1183-2004*2",2019,2019-04-22,41.8164,-88.0549,112
"Quercus palustris","1186-2004*1",2019,2019-04-16,41.8164,-88.0549,106
"Quercus palustris","1186-2004*2",2019,2019-04-23,41.8164,-88.0549,113
"Quercus palustris","1186-2004*3",2019,2019-04-23,41.8164,-88.0549,113
"Quercus bicolor","12-2004*2",2019,2019-04-22,41.8164,-88.0549,112
"Quercus bicolor","12-2004*3",2019,2019-04-22,41.8164,-88.0549,112
"Quercus deamii","1258-26*3",2019,2019-04-24,41.8164,-88.0549,114
"Quercus macrocarpa","1261-26*1",2019,2019-04-24,41.8164,-88.0549,114
"Quercus macrocarpa","1261-26*2",2019,2019-04-22,41.8164,-88.0549,112
"Quercus palustris","13-35*1",2019,2019-04-24,41.8164,-88.0549,114
"Quercus macrocarpa","132-2015*1",2019,2019-04-29,41.8164,-88.0549,119
"Quercus alba","134-U*6",2019,2019-04-09,41.8164,-88.0549,99
"Quercus alba","134-U*60",2019,2019-04-17,41.8164,-88.0549,107
"Quercus alba","134-U*61",2019,2019-04-17,41.8164,-88.0549,107
"Quercus alba","134-U*66",2019,2019-04-24,41.8164,-88.0549,114
"Quercus alba","134-U*67",2019,2019-04-24,41.8164,-88.0549,114
"Quercus macrocarpa","138-U*1",2019,2019-04-29,41.8164,-88.0549,119
"Quercus macrocarpa","138-U*4",2019,2019-04-22,41.8164,-88.0549,112
"Quercus macrocarpa","138-U*6",2019,2019-04-17,41.8164,-88.0549,107
"Quercus macrocarpa","138-U*7",2019,2019-04-22,41.8164,-88.0549,112
"Quercus palustris","139-U*3",2019,2019-04-29,41.8164,-88.0549,119
"Quercus montana","140-U*1",2019,2019-04-29,41.8164,-88.0549,119
"Quercus gambelii","145-75*1",2019,2019-04-22,41.8164,-88.0549,112
"Quercus gambelii","145-75*2",2019,2019-04-22,41.8164,-88.0549,112
"Quercus gambelii","145-75*8",2019,2019-04-22,41.8164,-88.0549,112
"Quercus palustris","1484-35*1",2019,2019-04-15,41.8164,-88.0549,105
"Quercus imbricaria","1512-35*2",2019,2019-04-22,41.8164,-88.0549,112
"Quercus imbricaria","1512-35*3",2019,2019-04-29,41.8164,-88.0549,119
"Quercus shumardii","1513-35*1",2019,2019-04-29,41.8164,-88.0549,119
"Quercus shumardii","1513-35*4",2019,2019-04-22,41.8164,-88.0549,112
"Quercus shumardii","1513-35*5",2019,2019-04-22,41.8164,-88.0549,112
"Quercus macrocarpa","1516-35*1",2019,2019-04-24,41.8164,-88.0549,114
"Quercus fernowii","1643-35*1",2019,2019-05-06,41.8164,-88.0549,126
"Quercus lyrata","179-95*1",2019,2019-05-14,41.8164,-88.0549,134
"Quercus lusitanica","18-2011*1",2019,2019-06-10,41.8164,-88.0549,161
"Quercus lusitanica","18-2011*2",2019,2019-06-10,41.8164,-88.0549,161
"Quercus lusitanica","18-2011*3",2019,2019-05-06,41.8164,-88.0549,126
"Quercus castaneifolia","18-2012*1",2019,2019-04-24,41.8164,-88.0549,114
"Quercus robur","180-93*10",2019,2019-05-06,41.8164,-88.0549,126
"Quercus robur","180-93*7",2019,2019-04-22,41.8164,-88.0549,112
"Quercus robur","180-93*8",2019,2019-04-22,41.8164,-88.0549,112
"Quercus robur","180-93*9",2019,2019-04-22,41.8164,-88.0549,112
"Quercus velutina","185-92*2",2019,2019-04-24,41.8164,-88.0549,114
"Quercus velutina","185-92*4",2019,2019-04-24,41.8164,-88.0549,114
"Quercus velutina","185-92*5",2019,2019-04-24,41.8164,-88.0549,114
"Quercus variabilis","19-2003*1",2019,2019-05-22,41.8164,-88.0549,142
"Quercus variabilis","19-2003*2",2019,2019-05-22,41.8164,-88.0549,142
"Quercus variabilis","19-2003*3",2019,2019-05-20,41.8164,-88.0549,140
"Quercus macranthera","19-2012*1",2019,2019-04-24,41.8164,-88.0549,114
"Quercus macranthera","19-2012*2",2019,2019-04-22,41.8164,-88.0549,112
"Quercus ellipsoidalis","204-92*1",2019,2019-05-13,41.8164,-88.0549,133
"Quercus ellipsoidalis","204-92*2",2019,2019-04-23,41.8164,-88.0549,113
"Quercus ellipsoidalis","204-92*3",2019,2019-04-24,41.8164,-88.0549,114
"Quercus ellipsoidalis","204-92*4",2019,2019-04-24,41.8164,-88.0549,114
"Quercus stellata","210-91*2",2019,2019-05-06,41.8164,-88.0549,126
"Quercus stellata","210-91*3",2019,2019-05-06,41.8164,-88.0549,126
"Quercus robur","212-30*1",2019,2019-04-30,41.8164,-88.0549,120
"Quercus stellata","212-91*1",2019,2019-04-17,41.8164,-88.0549,107
"Quercus stellata","212-91*2",2019,2019-04-24,41.8164,-88.0549,114
"Quercus stellata","212-91*3",2019,2019-04-24,41.8164,-88.0549,114
"Quercus bicolor","214-91*1",2019,2019-04-22,41.8164,-88.0549,112
"Quercus bicolor","214-91*2",2019,2019-04-11,41.8164,-88.0549,101
"Quercus bicolor","214-91*3",2019,2019-04-17,41.8164,-88.0549,107
"Quercus muehlenbergii","215-91*1",2019,2019-04-22,41.8164,-88.0549,112
"Quercus muehlenbergii","215-91*2",2019,2019-04-22,41.8164,-88.0549,112
"Quercus alba","239-42*2",2019,2019-04-22,41.8164,-88.0549,112
"Quercus macrocarpa","2390-26*1",2019,2019-04-29,41.8164,-88.0549,119
"Quercus macrocarpa","2390-26*2",2019,2019-04-24,41.8164,-88.0549,114
"Quercus montana","256-42*1",2019,2019-04-22,41.8164,-88.0549,112
"Quercus marilandica","258-95*1",2019,2019-04-22,41.8164,-88.0549,112
"Quercus ilicifolia","260-93*1",2019,2019-04-09,41.8164,-88.0549,99
"Quercus ilicifolia","260-93*2",2019,2019-04-22,41.8164,-88.0549,112
"Quercus mongolica","265-90*11",2019,2019-04-22,41.8164,-88.0549,112
"Quercus mongolica","265-90*9",2019,2019-04-22,41.8164,-88.0549,112
"Quercus pubescens","27-2007*1",2019,2019-04-22,41.8164,-88.0549,112
"Quercus hartwissiana","27-95*3",2019,2019-04-24,41.8164,-88.0549,114
"Quercus dalechampii","286-97*1",2019,2019-04-24,41.8164,-88.0549,114
"Quercus dalechampii","286-97*2",2019,2019-04-24,41.8164,-88.0549,114
"Quercus rubra","292-64*1",2019,2019-05-08,41.8164,-88.0549,128
"Quercus macrocarpa","297-2002*1",2019,2019-04-09,41.8164,-88.0549,99
"Quercus deamii","3-2008*1",2019,2019-04-24,41.8164,-88.0549,114
"Quercus deamii","3-2008*2",2019,2019-04-16,41.8164,-88.0549,106
"Quercus alba","304-94*1",2019,2019-04-22,41.8164,-88.0549,112
"Quercus alba","304-94*2",2019,2019-04-22,41.8164,-88.0549,112
"Quercus marilandica","305-94*1",2019,2019-04-24,41.8164,-88.0549,114
"Quercus marilandica","305-94*2",2019,2019-04-24,41.8164,-88.0549,114
"Quercus marilandica","305-94*3",2019,2019-04-24,41.8164,-88.0549,114
"Quercus marilandica","305-94*4",2019,2019-04-24,41.8164,-88.0549,114
"Quercus prinoides","326-99*2",2019,2019-04-23,41.8164,-88.0549,113
"Quercus mongolica","333-94*1",2019,2019-04-22,41.8164,-88.0549,112
"Quercus mongolica","333-94*2",2019,2019-04-22,41.8164,-88.0549,112
"Quercus mongolica","333-94*4",2019,2019-04-24,41.8164,-88.0549,114
"Quercus mongolica","333-94*5",2019,2019-04-24,41.8164,-88.0549,114
"Quercus mongolica","333-94*7",2019,2019-04-22,41.8164,-88.0549,112
"Quercus variabilis","339-2002*3",2019,2019-05-26,41.8164,-88.0549,146
"Quercus variabilis","339-2002*4",2019,2019-05-26,41.8164,-88.0549,146
"Quercus serrata","34-2003*1",2019,2019-05-20,41.8164,-88.0549,140
"Quercus aliena","340-2002*1",2019,2019-05-06,41.8164,-88.0549,126
"Quercus aliena","340-2002*2",2019,2019-05-06,41.8164,-88.0549,126
"Quercus mongolica","343-94*1",2019,2019-04-22,41.8164,-88.0549,112
"Quercus mongolica","343-94*2",2019,2019-04-22,41.8164,-88.0549,112
"Quercus mongolica","343-94*3",2019,2019-04-22,41.8164,-88.0549,112
"Quercus rubra","354-37*1",2019,2019-04-24,41.8164,-88.0549,114
"Quercus marilandica","362-96*2",2019,2019-04-24,41.8164,-88.0549,114
"Quercus marilandica","362-96*7",2019,2019-04-22,41.8164,-88.0549,112
"Quercus marilandica","362-96*8",2019,2019-04-22,41.8164,-88.0549,112
"Quercus marilandica","362-96*9",2019,2019-04-22,41.8164,-88.0549,112
"Quercus prinoides","365-2007*3",2019,2019-04-30,41.8164,-88.0549,120
"Quercus prinoides","365-2007*4",2019,2019-04-30,41.8164,-88.0549,120
"Quercus prinoides","365-2007*7",2019,2019-06-04,41.8164,-88.0549,155
"Quercus prinoides","365-2007*8",2019,2019-04-17,41.8164,-88.0549,107
"Quercus aliena","392-2011*1",2019,2019-04-16,41.8164,-88.0549,106
"Quercus aliena","392-2011*2",2019,2019-04-22,41.8164,-88.0549,112
"Quercus aliena","392-2011*3",2019,2019-04-29,41.8164,-88.0549,119
"Quercus dentata","4-2008*1",2019,2019-04-29,41.8164,-88.0549,119
"Quercus dentata","4-2008*3",2019,2019-04-29,41.8164,-88.0549,119
"Quercus dentata","4-2008*4",2019,2019-04-29,41.8164,-88.0549,119
"Quercus dentata","4-2008*5",2019,2019-04-29,41.8164,-88.0549,119
"Quercus macrocarpa","4-35*1",2019,2019-04-17,41.8164,-88.0549,107
"Quercus sternbergii","401-2008*1",2019,2019-04-22,41.8164,-88.0549,112
"Quercus mongolica","403-97*1",2019,2019-04-22,41.8164,-88.0549,112
"Quercus mongolica","403-97*2",2019,2019-04-22,41.8164,-88.0549,112
"Quercus buckleyi","417-45*1",2019,2019-04-22,41.8164,-88.0549,112
"Quercus coccinea","435-2004*1",2019,2019-05-08,41.8164,-88.0549,128
"Quercus ellipsoidalis","437-2004*2",2019,2019-04-16,41.8164,-88.0549,106
"Quercus ellipsoidalis","437-2004*3",2019,2019-04-16,41.8164,-88.0549,106
"Quercus bebbiana","441-42*1",2019,2019-04-23,41.8164,-88.0549,113
"Quercus acutissima","463-55*3",2019,2019-05-20,41.8164,-88.0549,140
"Quercus acutissima","463-55*4",2019,2019-05-20,41.8164,-88.0549,140
"Quercus montana","465-37*1",2019,2019-04-24,41.8164,-88.0549,114
"Quercus jackiana","471-42*1",2019,2019-04-17,41.8164,-88.0549,107
"Quercus jackiana","471-42*2",2019,2019-04-17,41.8164,-88.0549,107
"Quercus jackiana","471-42*3",2019,2019-04-17,41.8164,-88.0549,107
"Quercus michauxii","476-42*1",2019,2019-04-24,41.8164,-88.0549,114
"Quercus georgiana","49-2002*1",2019,2019-04-23,41.8164,-88.0549,113
"Quercus georgiana","49-2002*3",2019,2019-05-08,41.8164,-88.0549,128
"Quercus georgiana","49-2002*4",2019,2019-05-08,41.8164,-88.0549,128
"Quercus georgiana","49-2002*5",2019,2019-05-08,41.8164,-88.0549,128
"Quercus petraea","498-2005*1",2019,2019-05-08,41.8164,-88.0549,128
"Quercus petraea","498-2005*2",2019,2019-05-08,41.8164,-88.0549,128
"Quercus velutina","50-2004*1",2019,2019-04-22,41.8164,-88.0549,112
"Quercus exacta","501-36*1",2019,2019-04-22,41.8164,-88.0549,112
"Quercus runcinata","502-36*1",2019,2019-04-22,41.8164,-88.0549,112
"Quercus bicolor","513-25*1",2019,2019-04-29,41.8164,-88.0549,119
"Quercus lyrata","517-2000*2",2019,2019-05-13,41.8164,-88.0549,133
"Quercus imbricaria","523-32*1",2019,2019-04-24,41.8164,-88.0549,114
"Quercus muehlenbergii","528-99*1",2019,2019-04-15,41.8164,-88.0549,105
"Quercus michauxii","539-96*3",2019,2019-04-22,41.8164,-88.0549,112
"Quercus shumardii","540-96*2",2019,2019-04-22,41.8164,-88.0549,112
"Quercus shumardii","540-96*3",2019,2019-04-24,41.8164,-88.0549,114
"Quercus shumardii","540-96*4",2019,2019-04-24,41.8164,-88.0549,114
"Quercus guadalupensis","544-2006*1",2019,2019-05-21,41.8164,-88.0549,141
"Quercus guadalupensis","544-2006*2",2019,2019-05-08,41.8164,-88.0549,128
"Quercus guadalupensis","544-2006*3",2019,2019-05-08,41.8164,-88.0549,128
"Quercus gambelii","556-32*1",2019,2019-04-23,41.8164,-88.0549,113
"Quercus palustris","573-40*7",2019,2019-04-16,41.8164,-88.0549,106
"Quercus palustris","573-40*8",2019,2019-04-16,41.8164,-88.0549,106
"Quercus shumardii","575-40*2",2019,2019-04-29,41.8164,-88.0549,119
"Quercus saulii","580-32*2",2019,2019-04-15,41.8164,-88.0549,105
"Quercus montana","602-2000*1",2019,2019-04-08,41.8164,-88.0549,98
"Quercus montana","602-2000*2",2019,2019-04-08,41.8164,-88.0549,98
"Quercus montana","602-2000*3",2019,2019-04-08,41.8164,-88.0549,98
"Quercus montana","606-2000*2",2019,2019-04-22,41.8164,-88.0549,112
"Quercus montana","606-2000*3",2019,2019-04-22,41.8164,-88.0549,112
"Quercus montana","606-2000*4",2019,2019-04-29,41.8164,-88.0549,119
"Quercus rubra","64-92*1",2019,2019-04-29,41.8164,-88.0549,119
"Quercus acutissima","644-33*1",2019,2019-05-06,41.8164,-88.0549,126
"Quercus michauxii","645-48*1",2019,2019-04-08,41.8164,-88.0549,98
"Quercus serrata","65-2008*1",2019,2019-05-20,41.8164,-88.0549,140
"Quercus muehlenbergii","65-92*1",2019,2019-04-22,41.8164,-88.0549,112
"Quercus muehlenbergii","65-92*2",2019,2019-04-22,41.8164,-88.0549,112
"Quercus jackiana","654-32*1",2019,2019-04-17,41.8164,-88.0549,107
"Quercus subfalcata","656-32*1",2019,2019-04-22,41.8164,-88.0549,112
"Quercus montana","657-33*1",2019,2019-04-24,41.8164,-88.0549,114
"Quercus muehlenbergii","661-32*1",2019,2019-04-29,41.8164,-88.0549,119
"Quercus alba","684-33*1",2019,2019-04-15,41.8164,-88.0549,105
"Quercus jackiana","685-33*1",2019,2019-04-15,41.8164,-88.0549,105
"Quercus macrocarpa","696-2006*2",2019,2019-04-29,41.8164,-88.0549,119
"Quercus macrocarpa","696-2006*4",2019,2019-05-06,41.8164,-88.0549,126
"Quercus macrocarpa","696-2006*5",2019,2019-05-13,41.8164,-88.0549,133
"Quercus macrocarpa","696-2006*7",2019,2019-05-03,41.8164,-88.0549,123
"Quercus macrocarpa","696-2006*8",2019,2019-05-03,41.8164,-88.0549,123
"Quercus macrocarpa","696-2006*9",2019,2019-04-23,41.8164,-88.0549,113
"Quercus bebbiana","697-57*1",2019,2019-04-24,41.8164,-88.0549,114
"Quercus pagoda","700-46*1",2019,2019-05-06,41.8164,-88.0549,126
"Quercus pagoda","700-46*2",2019,2019-05-15,41.8164,-88.0549,135
"Quercus robur","701-57*1",2019,2019-04-29,41.8164,-88.0549,119
"Quercus macrocarpa","702-2006*1",2019,2019-04-23,41.8164,-88.0549,113
"Quercus macrocarpa","702-2006*2",2019,2019-04-23,41.8164,-88.0549,113
"Quercus macrocarpa","704-2006*1",2019,2019-04-23,41.8164,-88.0549,113
"Quercus muehlenbergii","704-46*2",2019,2019-04-22,41.8164,-88.0549,112
"Quercus muehlenbergii","704-46*3",2019,2019-04-22,41.8164,-88.0549,112
"Quercus muehlenbergii","704-46*4",2019,2019-04-22,41.8164,-88.0549,112
"Quercus bebbiana","706-72*2",2019,2019-04-22,41.8164,-88.0549,112
"Quercus warei","707-2006*1",2019,2019-04-23,41.8164,-88.0549,113
"Quercus acutissima","74-2002*4",2019,2019-05-21,41.8164,-88.0549,141
"Quercus prinoides","742-51*1",2019,2019-04-15,41.8164,-88.0549,105
"Quercus prinoides","742-51*2",2019,2019-04-15,41.8164,-88.0549,105
"Quercus prinoides","742-51*4",2019,2019-04-15,41.8164,-88.0549,105
"Quercus bebbiana","749-34*1",2019,2019-04-24,41.8164,-88.0549,114
"Quercus macrocarpa","752-34*2",2019,2019-04-22,41.8164,-88.0549,112
"Quercus macrocarpa","752-34*4",2019,2019-04-22,41.8164,-88.0549,112
"Quercus prinoides","768-54*1",2019,2019-04-23,41.8164,-88.0549,113
"Quercus prinoides","768-54*2",2019,2019-04-23,41.8164,-88.0549,113
"Quercus prinoides","768-54*4",2019,2019-04-23,41.8164,-88.0549,113
"Quercus prinoides","768-54*5",2019,2019-04-23,41.8164,-88.0549,113
"Quercus acutissima","797-53*3",2019,2019-04-22,41.8164,-88.0549,112
"Quercus macrocarpa","808-51*1",2019,2019-04-24,41.8164,-88.0549,114
"Quercus mongolica","852-2005*1",2019,2019-04-16,41.8164,-88.0549,106
"Quercus mongolica","852-2005*5",2019,2019-05-08,41.8164,-88.0549,128
"Quercus mongolica","852-2005*6",2019,2019-04-16,41.8164,-88.0549,106
"Quercus mongolica","852-2005*7",2019,2019-05-08,41.8164,-88.0549,128
"Quercus alba","862-34*1",2019,2019-04-24,41.8164,-88.0549,114
"Quercus schuettei","863-34*1",2019,2019-04-22,41.8164,-88.0549,112
"Quercus baronii","903-2005*1",2019,2019-05-12,41.8164,-88.0549,132
"Quercus baronii","903*2005*4",2019,2019-05-12,41.8164,-88.0549,132
"Quercus schuettei","928-62*1",2019,2019-04-15,41.8164,-88.0549,105
